-- Seed data: 10 branches, 500 students, 200 donations
INSERT INTO `branches` (`id`,`name`,`code`,`created_at`,`updated_at`) VALUES
(2, 'Rajshahi Branch', 'BR02', NOW(), NOW()),
(3, 'Khulna Branch', 'BR03', NOW(), NOW()),
(4, 'Sylhet Branch', 'BR04', NOW(), NOW()),
(5, 'Barisal Branch', 'BR05', NOW(), NOW()),
(6, 'Rangpur Branch', 'BR06', NOW(), NOW()),
(7, 'Mymensingh Branch', 'BR07', NOW(), NOW()),
(8, 'Comilla Branch', 'BR08', NOW(), NOW()),
(9, 'Bogura Branch', 'BR09', NOW(), NOW()),
(10, 'Dhaka Branch', 'BR10', NOW(), NOW());

INSERT INTO `students` (`id`,`code`,`name`,`father_name`,`mother_name`,`gender`,`address_present`,`address_permanent`,`nid`,`institution`,`year`,`status`,`branch_id`,`created_at`,`updated_at`) VALUES
(2, 1, 'Salma Ahmed', 'Rokeya Rahman', 'Kamal Haque', 'Male', 'Dhaka', 'Dhaka', '7617780976', 'Dhaka University', 2022, 'Active', 3, NOW(), NOW()),
(3, 1, 'Rahim Alam', 'Rahim Chowdhury', 'Kamal Islam', 'Male', 'Rajshahi', 'Rajshahi', '0153965197', 'Comilla University', 2022, 'Inactive', 9, NOW(), NOW()),
(4, 1, 'Shirin Haque', 'Shirin Chowdhury', 'Rokeya Haque', 'Female', 'Comilla', 'Comilla', '5842999221', 'Rajshahi University', 2023, 'Active', 2, NOW(), NOW()),
(5, 1, 'Rahim Chowdhury', 'Abdullah Khan', 'Kamal Rahman', 'Female', 'Rangpur', 'Rangpur', '3815727164', 'Comilla University', 2024, 'Active', 10, NOW(), NOW()),
(6, 1, 'Nazrul Uddin', 'Jamal Islam', 'Rahim Islam', 'Female', 'Chattogram', 'Chattogram', '0286860979', 'National University', 2022, 'Active', 4, NOW(), NOW()),
(7, 1, 'Nazrul Chowdhury', 'Jasmine Miah', 'Abdullah Alam', 'Female', 'Rangpur', 'Rangpur', '0608350080', 'Dhaka University', 2022, 'Active', 4, NOW(), NOW()),
(8, 1, 'Ayesha Hossain', 'Shirin Ahmed', 'Hossain Khan', 'Female', 'Sylhet', 'Sylhet', '1681279222', 'Rajshahi University', 2022, 'Active', 5, NOW(), NOW()),
(9, 1, 'Rokeya Rahman', 'Rehana Uddin', 'Rupa Uddin', 'Male', 'Comilla', 'Comilla', '9240268463', 'Rajshahi University', 2023, 'Active', 5, NOW(), NOW()),
(10, 1, 'Jamal Miah', 'Hasan Haque', 'Rahim Ahmed', 'Female', 'Rangpur', 'Rangpur', '8308647687', 'Sylhet Agricultural University', 2024, 'Active', 3, NOW(), NOW()),
(11, 1, 'Abdullah Chowdhury', 'Shirin Khan', 'Abdullah Hossain', 'Male', 'Comilla', 'Comilla', '2842883156', 'Rajshahi University', 2024, 'Active', 2, NOW(), NOW()),
(12, 1, 'Ayesha Rahman', 'Abdullah Miah', 'Hasan Alam', 'Female', 'Dhaka', 'Dhaka', '8890823634', 'Sylhet Agricultural University', 2025, 'Active', 8, NOW(), NOW()),
(13, 1, 'Rupa Ahmed', 'Jamal Chowdhury', 'Hossain Ahmed', 'Male', 'Sylhet', 'Sylhet', '3366647982', 'Barisal University', 2024, 'Active', 4, NOW(), NOW()),
(14, 1, 'Hossain Chowdhury', 'Abdullah Haque', 'Fatima Hossain', 'Male', 'Rajshahi', 'Rajshahi', '4742921549', 'Comilla University', 2023, 'Active', 5, NOW(), NOW()),
(15, 1, 'Ayesha Alam', 'Rahim Khan', 'Shirin Hossain', 'Male', 'Mymensingh', 'Mymensingh', '8752660779', 'Jahangirnagar University', 2024, 'Active', 7, NOW(), NOW()),
(16, 1, 'Nargis Hossain', 'Rehana Islam', 'Rokeya Rahman', 'Female', 'Dhaka', 'Dhaka', '2263875372', 'BUET', 2022, 'Active', 1, NOW(), NOW()),
(17, 1, 'Hossain Alam', 'Kamal Hossain', 'Rupa Hossain', 'Male', 'Dhaka', 'Dhaka', '3944026296', 'BUET', 2022, 'Active', 9, NOW(), NOW()),
(18, 1, 'Jamal Miah', 'Shirin Khan', 'Ayesha Islam', 'Female', 'Bogura', 'Bogura', '8332306282', 'Khulna University', 2023, 'Active', 1, NOW(), NOW()),
(19, 1, 'Nazrul Alam', 'Rehana Alam', 'Rupa Ahmed', 'Female', 'Khulna', 'Khulna', '0831056738', 'Jahangirnagar University', 2022, 'Active', 5, NOW(), NOW()),
(20, 1, 'Kamal Ahmed', 'Hasan Uddin', 'Karim Islam', 'Male', 'Chattogram', 'Chattogram', '1647532011', 'Sylhet Agricultural University', 2025, 'Active', 4, NOW(), NOW()),
(21, 1, 'Jamal Khan', 'Rahim Chowdhury', 'Hossain Islam', 'Male', 'Sylhet', 'Sylhet', '8785857138', 'Jahangirnagar University', 2025, 'Active', 2, NOW(), NOW()),
(22, 1, 'Rahim Islam', 'Kamal Miah', 'Shirin Islam', 'Female', 'Comilla', 'Comilla', '0745928768', 'BUET', 2025, 'Active', 2, NOW(), NOW()),
(23, 1, 'Nasrin Khan', 'Salma Alam', 'Nasrin Khan', 'Male', 'Comilla', 'Comilla', '4724947946', 'Sylhet Agricultural University', 2023, 'Active', 1, NOW(), NOW()),
(24, 1, 'Karim Ahmed', 'Hossain Islam', 'Karim Islam', 'Male', 'Chattogram', 'Chattogram', '5000804323', 'Comilla University', 2025, 'Active', 9, NOW(), NOW()),
(25, 1, 'Kamal Haque', 'Salma Miah', 'Ayesha Chowdhury', 'Female', 'Bogura', 'Bogura', '2483511766', 'Rajshahi University', 2022, 'Active', 1, NOW(), NOW()),
(26, 1, 'Rehana Chowdhury', 'Hasan Ahmed', 'Karim Haque', 'Female', 'Rangpur', 'Rangpur', '0724748242', 'Jahangirnagar University', 2022, 'Active', 1, NOW(), NOW()),
(27, 1, 'Rahim Alam', 'Rupa Alam', 'Rehana Hossain', 'Male', 'Mymensingh', 'Mymensingh', '8259771187', 'Dhaka University', 2022, 'Active', 7, NOW(), NOW()),
(28, 1, 'Rahim Hossain', 'Abdullah Ahmed', 'Fatima Khan', 'Female', 'Rangpur', 'Rangpur', '1865012496', 'Khulna University', 2022, 'Active', 4, NOW(), NOW()),
(29, 1, 'Rupa Ahmed', 'Nargis Chowdhury', 'Rehana Ahmed', 'Male', 'Rajshahi', 'Rajshahi', '8140795225', 'Barisal University', 2023, 'Active', 10, NOW(), NOW()),
(30, 1, 'Fatima Uddin', 'Shirin Rahman', 'Nasrin Khan', 'Female', 'Dhaka', 'Dhaka', '4020819565', 'Comilla University', 2024, 'Inactive', 2, NOW(), NOW()),
(31, 1, 'Nasrin Ahmed', 'Salma Chowdhury', 'Salam Hossain', 'Female', 'Comilla', 'Comilla', '7892055962', 'Jahangirnagar University', 2023, 'Active', 7, NOW(), NOW()),
(32, 1, 'Nazrul Rahman', 'Rahim Hossain', 'Nargis Uddin', 'Female', 'Rangpur', 'Rangpur', '6568512365', 'Barisal University', 2023, 'Inactive', 9, NOW(), NOW()),
(33, 1, 'Jasmine Chowdhury', 'Hasan Uddin', 'Kamal Hossain', 'Female', 'Khulna', 'Khulna', '2537208856', 'Comilla University', 2025, 'Inactive', 9, NOW(), NOW()),
(34, 1, 'Jamal Hossain', 'Nazrul Chowdhury', 'Rokeya Rahman', 'Male', 'Khulna', 'Khulna', '7846963769', 'Dhaka University', 2024, 'Active', 4, NOW(), NOW()),
(35, 1, 'Salma Uddin', 'Nazrul Hossain', 'Shirin Khan', 'Male', 'Rajshahi', 'Rajshahi', '8630269449', 'Chittagong University', 2023, 'Active', 5, NOW(), NOW()),
(36, 1, 'Nasrin Haque', 'Karim Chowdhury', 'Nargis Miah', 'Male', 'Dhaka', 'Dhaka', '7695887888', 'Sylhet Agricultural University', 2024, 'Active', 1, NOW(), NOW()),
(37, 1, 'Rupa Khan', 'Salam Alam', 'Rahim Alam', 'Female', 'Dhaka', 'Dhaka', '2221271181', 'Barisal University', 2025, 'Inactive', 4, NOW(), NOW()),
(38, 1, 'Salam Uddin', 'Rupa Ahmed', 'Shirin Miah', 'Female', 'Dhaka', 'Dhaka', '0495441295', 'National University', 2023, 'Inactive', 2, NOW(), NOW()),
(39, 1, 'Hasan Hossain', 'Salma Hossain', 'Salma Uddin', 'Male', 'Rajshahi', 'Rajshahi', '2618407992', 'Chittagong University', 2025, 'Active', 8, NOW(), NOW()),
(40, 1, 'Nazrul Chowdhury', 'Salma Ahmed', 'Rafiq Hossain', 'Female', 'Rajshahi', 'Rajshahi', '2033642854', 'Barisal University', 2022, 'Active', 1, NOW(), NOW()),
(41, 1, 'Hossain Alam', 'Rupa Hossain', 'Shirin Rahman', 'Female', 'Rangpur', 'Rangpur', '2596167653', 'Barisal University', 2022, 'Active', 1, NOW(), NOW()),
(42, 1, 'Rehana Ahmed', 'Kamal Hossain', 'Rafiq Islam', 'Female', 'Chattogram', 'Chattogram', '7220437812', 'Chittagong University', 2024, 'Active', 1, NOW(), NOW()),
(43, 1, 'Hasan Hossain', 'Shirin Rahman', 'Rupa Haque', 'Female', 'Sylhet', 'Sylhet', '0280605694', 'Sylhet Agricultural University', 2025, 'Active', 6, NOW(), NOW()),
(44, 1, 'Abdullah Uddin', 'Rahim Rahman', 'Rokeya Hossain', 'Female', 'Barisal', 'Barisal', '0499580200', 'Comilla University', 2023, 'Active', 5, NOW(), NOW()),
(45, 1, 'Hasan Khan', 'Salma Alam', 'Nargis Khan', 'Male', 'Rajshahi', 'Rajshahi', '3528844325', 'Jahangirnagar University', 2023, 'Active', 4, NOW(), NOW()),
(46, 1, 'Nargis Rahman', 'Jamal Uddin', 'Nazrul Ahmed', 'Female', 'Khulna', 'Khulna', '9707730276', 'Dhaka University', 2022, 'Inactive', 2, NOW(), NOW()),
(47, 1, 'Abdullah Haque', 'Salma Chowdhury', 'Rokeya Miah', 'Female', 'Mymensingh', 'Mymensingh', '6154824929', 'Chittagong University', 2024, 'Active', 9, NOW(), NOW()),
(48, 1, 'Karim Chowdhury', 'Salam Hossain', 'Jamal Uddin', 'Male', 'Sylhet', 'Sylhet', '3979144133', 'Khulna University', 2023, 'Active', 1, NOW(), NOW()),
(49, 1, 'Salam Miah', 'Jasmine Haque', 'Ayesha Alam', 'Male', 'Mymensingh', 'Mymensingh', '0421989678', 'Chittagong University', 2025, 'Active', 5, NOW(), NOW()),
(50, 1, 'Jasmine Rahman', 'Hossain Islam', 'Jasmine Haque', 'Male', 'Mymensingh', 'Mymensingh', '7273952493', 'Chittagong University', 2024, 'Active', 7, NOW(), NOW()),
(51, 1, 'Karim Ahmed', 'Ayesha Alam', 'Nargis Ahmed', 'Male', 'Rangpur', 'Rangpur', '3919660247', 'Sylhet Agricultural University', 2025, 'Active', 8, NOW(), NOW()),
(52, 1, 'Rokeya Khan', 'Kamal Uddin', 'Ayesha Uddin', 'Male', 'Sylhet', 'Sylhet', '5843245499', 'Comilla University', 2024, 'Inactive', 8, NOW(), NOW()),
(53, 1, 'Nazrul Ahmed', 'Nazrul Alam', 'Abdullah Ahmed', 'Female', 'Mymensingh', 'Mymensingh', '6502150216', 'BUET', 2022, 'Inactive', 5, NOW(), NOW()),
(54, 1, 'Nazrul Khan', 'Nasrin Khan', 'Abdullah Uddin', 'Female', 'Rangpur', 'Rangpur', '7721596792', 'BUET', 2024, 'Inactive', 3, NOW(), NOW()),
(55, 1, 'Shirin Miah', 'Rehana Alam', 'Rafiq Uddin', 'Male', 'Dhaka', 'Dhaka', '4010901609', 'Chittagong University', 2023, 'Active', 3, NOW(), NOW()),
(56, 1, 'Nazrul Alam', 'Nazrul Islam', 'Rokeya Rahman', 'Female', 'Mymensingh', 'Mymensingh', '4846392734', 'Chittagong University', 2025, 'Active', 2, NOW(), NOW()),
(57, 1, 'Ayesha Alam', 'Nargis Ahmed', 'Rokeya Haque', 'Female', 'Comilla', 'Comilla', '8762770986', 'Jahangirnagar University', 2023, 'Active', 8, NOW(), NOW()),
(58, 1, 'Salam Hossain', 'Fatima Ahmed', 'Rupa Ahmed', 'Female', 'Mymensingh', 'Mymensingh', '3705857466', 'Chittagong University', 2024, 'Active', 7, NOW(), NOW()),
(59, 1, 'Rupa Alam', 'Nasrin Haque', 'Salam Khan', 'Male', 'Rajshahi', 'Rajshahi', '3357640455', 'Barisal University', 2025, 'Inactive', 6, NOW(), NOW()),
(60, 1, 'Rehana Chowdhury', 'Karim Haque', 'Karim Haque', 'Male', 'Khulna', 'Khulna', '1459408907', 'Rajshahi University', 2023, 'Active', 3, NOW(), NOW()),
(61, 1, 'Jamal Hossain', 'Kamal Uddin', 'Nasrin Alam', 'Male', 'Bogura', 'Bogura', '8652310424', 'National University', 2022, 'Active', 9, NOW(), NOW()),
(62, 1, 'Fatima Hossain', 'Karim Uddin', 'Karim Ahmed', 'Male', 'Bogura', 'Bogura', '7806242700', 'Sylhet Agricultural University', 2023, 'Active', 1, NOW(), NOW()),
(63, 1, 'Salma Rahman', 'Shirin Islam', 'Salma Uddin', 'Female', 'Rajshahi', 'Rajshahi', '8939467525', 'Dhaka University', 2022, 'Active', 3, NOW(), NOW()),
(64, 1, 'Nazrul Khan', 'Rahim Khan', 'Rahim Khan', 'Female', 'Rangpur', 'Rangpur', '8378154512', 'Chittagong University', 2024, 'Active', 2, NOW(), NOW()),
(65, 1, 'Jasmine Chowdhury', 'Salam Haque', 'Rehana Uddin', 'Female', 'Rajshahi', 'Rajshahi', '9331410414', 'Sylhet Agricultural University', 2022, 'Active', 9, NOW(), NOW()),
(66, 1, 'Rehana Hossain', 'Nargis Islam', 'Fatima Miah', 'Female', 'Mymensingh', 'Mymensingh', '8637845240', 'Jahangirnagar University', 2024, 'Inactive', 3, NOW(), NOW()),
(67, 1, 'Hasan Chowdhury', 'Nazrul Ahmed', 'Kamal Khan', 'Female', 'Rajshahi', 'Rajshahi', '4386534560', 'Rajshahi University', 2023, 'Active', 8, NOW(), NOW()),
(68, 1, 'Nazrul Chowdhury', 'Salam Miah', 'Salam Miah', 'Male', 'Bogura', 'Bogura', '5792362602', 'National University', 2024, 'Inactive', 10, NOW(), NOW()),
(69, 1, 'Rafiq Miah', 'Kamal Chowdhury', 'Rupa Ahmed', 'Male', 'Comilla', 'Comilla', '8967017316', 'Khulna University', 2023, 'Active', 10, NOW(), NOW()),
(70, 1, 'Rahim Hossain', 'Hasan Alam', 'Nasrin Khan', 'Female', 'Rangpur', 'Rangpur', '7604300586', 'BUET', 2024, 'Active', 8, NOW(), NOW()),
(71, 1, 'Rahim Uddin', 'Karim Rahman', 'Nazrul Rahman', 'Female', 'Barisal', 'Barisal', '4526222660', 'Khulna University', 2022, 'Active', 10, NOW(), NOW()),
(72, 1, 'Rahim Alam', 'Nasrin Hossain', 'Jamal Chowdhury', 'Female', 'Dhaka', 'Dhaka', '3196390234', 'Chittagong University', 2023, 'Active', 10, NOW(), NOW()),
(73, 1, 'Salma Ahmed', 'Nazrul Alam', 'Hasan Chowdhury', 'Female', 'Chattogram', 'Chattogram', '9424190297', 'National University', 2024, 'Active', 7, NOW(), NOW()),
(74, 1, 'Ayesha Miah', 'Rehana Hossain', 'Fatima Hossain', 'Male', 'Barisal', 'Barisal', '3315039597', 'Dhaka University', 2024, 'Active', 6, NOW(), NOW()),
(75, 1, 'Shirin Islam', 'Nazrul Ahmed', 'Hasan Uddin', 'Female', 'Comilla', 'Comilla', '4591616463', 'Barisal University', 2025, 'Active', 2, NOW(), NOW()),
(76, 1, 'Jamal Hossain', 'Salam Islam', 'Nasrin Rahman', 'Male', 'Dhaka', 'Dhaka', '4418397517', 'Chittagong University', 2025, 'Active', 1, NOW(), NOW()),
(77, 1, 'Nargis Alam', 'Ayesha Khan', 'Rupa Khan', 'Female', 'Comilla', 'Comilla', '4369753198', 'Sylhet Agricultural University', 2025, 'Active', 10, NOW(), NOW()),
(78, 1, 'Salam Uddin', 'Rafiq Islam', 'Abdullah Hossain', 'Male', 'Chattogram', 'Chattogram', '2344560166', 'Barisal University', 2025, 'Active', 10, NOW(), NOW()),
(79, 1, 'Abdullah Hossain', 'Hasan Alam', 'Hossain Miah', 'Female', 'Rajshahi', 'Rajshahi', '9981309876', 'Comilla University', 2025, 'Active', 2, NOW(), NOW()),
(80, 1, 'Rupa Khan', 'Hasan Islam', 'Nazrul Chowdhury', 'Male', 'Rangpur', 'Rangpur', '9942379582', 'Dhaka University', 2023, 'Active', 1, NOW(), NOW()),
(81, 1, 'Salma Alam', 'Abdullah Miah', 'Rahim Ahmed', 'Female', 'Rangpur', 'Rangpur', '2296803938', 'Khulna University', 2024, 'Active', 3, NOW(), NOW()),
(82, 1, 'Jasmine Islam', 'Hossain Chowdhury', 'Kamal Hossain', 'Male', 'Barisal', 'Barisal', '7824234838', 'Jahangirnagar University', 2024, 'Active', 3, NOW(), NOW()),
(83, 1, 'Kamal Islam', 'Salma Islam', 'Nazrul Ahmed', 'Female', 'Khulna', 'Khulna', '0890084918', 'National University', 2023, 'Active', 3, NOW(), NOW()),
(84, 1, 'Hossain Alam', 'Abdullah Hossain', 'Karim Rahman', 'Female', 'Dhaka', 'Dhaka', '0010554689', 'Jahangirnagar University', 2023, 'Active', 3, NOW(), NOW()),
(85, 1, 'Nargis Alam', 'Rupa Islam', 'Salam Rahman', 'Female', 'Dhaka', 'Dhaka', '2253522483', 'Jahangirnagar University', 2023, 'Active', 8, NOW(), NOW()),
(86, 1, 'Rafiq Ahmed', 'Jasmine Chowdhury', 'Rehana Ahmed', 'Male', 'Rajshahi', 'Rajshahi', '1349883264', 'Rajshahi University', 2024, 'Active', 1, NOW(), NOW()),
(87, 1, 'Rehana Rahman', 'Shirin Hossain', 'Ayesha Rahman', 'Female', 'Chattogram', 'Chattogram', '1739603214', 'Comilla University', 2023, 'Active', 7, NOW(), NOW()),
(88, 1, 'Rehana Ahmed', 'Rehana Rahman', 'Nazrul Uddin', 'Female', 'Comilla', 'Comilla', '5357720152', 'Barisal University', 2023, 'Active', 5, NOW(), NOW()),
(89, 1, 'Fatima Ahmed', 'Jamal Islam', 'Salma Haque', 'Male', 'Sylhet', 'Sylhet', '7798583056', 'Chittagong University', 2024, 'Active', 2, NOW(), NOW()),
(90, 1, 'Salam Islam', 'Hossain Ahmed', 'Kamal Khan', 'Female', 'Mymensingh', 'Mymensingh', '8742990133', 'Rajshahi University', 2024, 'Active', 6, NOW(), NOW()),
(91, 1, 'Nazrul Rahman', 'Nasrin Ahmed', 'Abdullah Haque', 'Female', 'Dhaka', 'Dhaka', '1888014355', 'Comilla University', 2022, 'Active', 8, NOW(), NOW()),
(92, 1, 'Abdullah Haque', 'Jasmine Ahmed', 'Rupa Hossain', 'Male', 'Chattogram', 'Chattogram', '9302566284', 'Sylhet Agricultural University', 2022, 'Active', 8, NOW(), NOW()),
(93, 1, 'Salam Islam', 'Rokeya Islam', 'Ayesha Islam', 'Male', 'Rajshahi', 'Rajshahi', '9703212803', 'National University', 2024, 'Active', 3, NOW(), NOW()),
(94, 1, 'Nazrul Miah', 'Fatima Alam', 'Hossain Uddin', 'Male', 'Chattogram', 'Chattogram', '9279109226', 'National University', 2025, 'Active', 3, NOW(), NOW()),
(95, 1, 'Rafiq Chowdhury', 'Salam Alam', 'Rupa Ahmed', 'Male', 'Rajshahi', 'Rajshahi', '8091188062', 'Dhaka University', 2025, 'Active', 2, NOW(), NOW()),
(96, 1, 'Abdullah Khan', 'Rafiq Miah', 'Rupa Chowdhury', 'Male', 'Rangpur', 'Rangpur', '5395243852', 'Jahangirnagar University', 2025, 'Active', 9, NOW(), NOW()),
(97, 1, 'Hasan Haque', 'Rupa Rahman', 'Abdullah Hossain', 'Female', 'Chattogram', 'Chattogram', '2999391011', 'Sylhet Agricultural University', 2022, 'Active', 3, NOW(), NOW()),
(98, 1, 'Nasrin Alam', 'Hasan Hossain', 'Rafiq Hossain', 'Female', 'Dhaka', 'Dhaka', '0986007677', 'Chittagong University', 2022, 'Active', 5, NOW(), NOW()),
(99, 1, 'Nargis Hossain', 'Jasmine Khan', 'Hossain Miah', 'Male', 'Mymensingh', 'Mymensingh', '2681726441', 'Barisal University', 2024, 'Active', 2, NOW(), NOW()),
(100, 1, 'Jasmine Hossain', 'Rehana Miah', 'Jamal Islam', 'Male', 'Rajshahi', 'Rajshahi', '0705385056', 'Dhaka University', 2025, 'Inactive', 2, NOW(), NOW()),
(101, 1, 'Karim Khan', 'Rupa Uddin', 'Nazrul Uddin', 'Female', 'Dhaka', 'Dhaka', '8705407303', 'Dhaka University', 2025, 'Active', 5, NOW(), NOW()),
(102, 1, 'Nasrin Chowdhury', 'Rehana Ahmed', 'Hossain Ahmed', 'Female', 'Rangpur', 'Rangpur', '6607086323', 'Sylhet Agricultural University', 2024, 'Active', 8, NOW(), NOW()),
(103, 1, 'Nasrin Hossain', 'Karim Ahmed', 'Shirin Chowdhury', 'Female', 'Bogura', 'Bogura', '0947191070', 'BUET', 2023, 'Inactive', 3, NOW(), NOW()),
(104, 1, 'Fatima Islam', 'Nasrin Khan', 'Salam Chowdhury', 'Female', 'Chattogram', 'Chattogram', '7054771512', 'Jahangirnagar University', 2024, 'Active', 8, NOW(), NOW()),
(105, 1, 'Hossain Hossain', 'Rokeya Khan', 'Rehana Uddin', 'Female', 'Sylhet', 'Sylhet', '7671073724', 'National University', 2022, 'Active', 10, NOW(), NOW()),
(106, 1, 'Ayesha Rahman', 'Hasan Rahman', 'Karim Chowdhury', 'Male', 'Mymensingh', 'Mymensingh', '5061519977', 'Khulna University', 2023, 'Active', 5, NOW(), NOW()),
(107, 1, 'Nargis Rahman', 'Kamal Khan', 'Kamal Miah', 'Female', 'Mymensingh', 'Mymensingh', '3966914847', 'Rajshahi University', 2024, 'Active', 10, NOW(), NOW()),
(108, 1, 'Fatima Chowdhury', 'Abdullah Rahman', 'Abdullah Miah', 'Female', 'Khulna', 'Khulna', '5308978909', 'Dhaka University', 2024, 'Inactive', 5, NOW(), NOW()),
(109, 1, 'Jamal Miah', 'Nazrul Uddin', 'Rafiq Ahmed', 'Male', 'Chattogram', 'Chattogram', '6086460346', 'National University', 2022, 'Active', 10, NOW(), NOW()),
(110, 1, 'Ayesha Ahmed', 'Jasmine Alam', 'Nargis Chowdhury', 'Male', 'Bogura', 'Bogura', '2387655250', 'National University', 2023, 'Active', 6, NOW(), NOW()),
(111, 1, 'Shirin Rahman', 'Rahim Haque', 'Salam Haque', 'Male', 'Comilla', 'Comilla', '2412868006', 'Chittagong University', 2025, 'Active', 2, NOW(), NOW()),
(112, 1, 'Hasan Islam', 'Hossain Hossain', 'Jamal Chowdhury', 'Male', 'Rangpur', 'Rangpur', '3214603880', 'Barisal University', 2023, 'Active', 5, NOW(), NOW()),
(113, 1, 'Ayesha Chowdhury', 'Abdullah Khan', 'Rafiq Islam', 'Male', 'Rangpur', 'Rangpur', '9393165218', 'Rajshahi University', 2025, 'Inactive', 9, NOW(), NOW()),
(114, 1, 'Jamal Islam', 'Hasan Khan', 'Nazrul Hossain', 'Male', 'Mymensingh', 'Mymensingh', '3284755426', 'Dhaka University', 2025, 'Active', 4, NOW(), NOW()),
(115, 1, 'Kamal Uddin', 'Abdullah Hossain', 'Shirin Ahmed', 'Male', 'Chattogram', 'Chattogram', '8216998457', 'Chittagong University', 2022, 'Active', 3, NOW(), NOW()),
(116, 1, 'Rahim Miah', 'Nazrul Alam', 'Hasan Rahman', 'Female', 'Bogura', 'Bogura', '7775421163', 'Sylhet Agricultural University', 2025, 'Inactive', 9, NOW(), NOW()),
(117, 1, 'Salam Islam', 'Hasan Miah', 'Hasan Ahmed', 'Male', 'Comilla', 'Comilla', '6334454199', 'Comilla University', 2024, 'Inactive', 3, NOW(), NOW()),
(118, 1, 'Rupa Ahmed', 'Nargis Khan', 'Nasrin Chowdhury', 'Female', 'Mymensingh', 'Mymensingh', '4530178600', 'Khulna University', 2022, 'Active', 8, NOW(), NOW()),
(119, 1, 'Nazrul Haque', 'Salma Uddin', 'Rokeya Haque', 'Male', 'Dhaka', 'Dhaka', '7530526922', 'Barisal University', 2023, 'Active', 6, NOW(), NOW()),
(120, 1, 'Rehana Chowdhury', 'Hossain Uddin', 'Salam Khan', 'Male', 'Comilla', 'Comilla', '1765379700', 'Comilla University', 2023, 'Active', 6, NOW(), NOW()),
(121, 1, 'Rehana Rahman', 'Rehana Uddin', 'Rahim Haque', 'Male', 'Rangpur', 'Rangpur', '9026693885', 'Rajshahi University', 2025, 'Active', 4, NOW(), NOW()),
(122, 1, 'Hasan Khan', 'Karim Khan', 'Rafiq Islam', 'Male', 'Chattogram', 'Chattogram', '8105010439', 'National University', 2023, 'Active', 7, NOW(), NOW()),
(123, 1, 'Rafiq Haque', 'Jamal Haque', 'Jasmine Khan', 'Female', 'Sylhet', 'Sylhet', '6288729510', 'Jahangirnagar University', 2023, 'Active', 5, NOW(), NOW()),
(124, 1, 'Abdullah Islam', 'Shirin Khan', 'Nazrul Ahmed', 'Female', 'Comilla', 'Comilla', '7141041962', 'Sylhet Agricultural University', 2024, 'Inactive', 3, NOW(), NOW()),
(125, 1, 'Jamal Hossain', 'Ayesha Ahmed', 'Rokeya Uddin', 'Male', 'Rajshahi', 'Rajshahi', '1720747037', 'Dhaka University', 2024, 'Active', 8, NOW(), NOW()),
(126, 1, 'Rahim Alam', 'Jasmine Uddin', 'Shirin Alam', 'Female', 'Bogura', 'Bogura', '9529078311', 'BUET', 2024, 'Active', 7, NOW(), NOW()),
(127, 1, 'Kamal Rahman', 'Rafiq Chowdhury', 'Rehana Haque', 'Female', 'Mymensingh', 'Mymensingh', '0402708291', 'Khulna University', 2024, 'Inactive', 6, NOW(), NOW()),
(128, 1, 'Rokeya Khan', 'Hossain Uddin', 'Salma Alam', 'Male', 'Barisal', 'Barisal', '3626157800', 'Rajshahi University', 2024, 'Active', 9, NOW(), NOW()),
(129, 1, 'Jamal Alam', 'Rehana Rahman', 'Nazrul Ahmed', 'Female', 'Barisal', 'Barisal', '4283013614', 'Sylhet Agricultural University', 2022, 'Active', 5, NOW(), NOW()),
(130, 1, 'Shirin Haque', 'Nargis Ahmed', 'Hossain Hossain', 'Male', 'Rangpur', 'Rangpur', '5896845600', 'BUET', 2022, 'Active', 9, NOW(), NOW()),
(131, 1, 'Hossain Islam', 'Nasrin Haque', 'Rahim Haque', 'Female', 'Dhaka', 'Dhaka', '5181538224', 'Barisal University', 2023, 'Active', 7, NOW(), NOW()),
(132, 1, 'Salam Rahman', 'Rokeya Ahmed', 'Fatima Haque', 'Female', 'Chattogram', 'Chattogram', '6617404943', 'Jahangirnagar University', 2024, 'Active', 1, NOW(), NOW()),
(133, 1, 'Nasrin Haque', 'Nargis Miah', 'Hossain Ahmed', 'Male', 'Khulna', 'Khulna', '0678058661', 'Sylhet Agricultural University', 2023, 'Active', 2, NOW(), NOW()),
(134, 1, 'Jamal Chowdhury', 'Rehana Miah', 'Jasmine Haque', 'Male', 'Chattogram', 'Chattogram', '7940679529', 'Sylhet Agricultural University', 2022, 'Active', 2, NOW(), NOW()),
(135, 1, 'Salam Chowdhury', 'Salma Haque', 'Salma Hossain', 'Male', 'Barisal', 'Barisal', '0699916186', 'National University', 2024, 'Active', 5, NOW(), NOW()),
(136, 1, 'Abdullah Khan', 'Rehana Rahman', 'Hasan Rahman', 'Male', 'Bogura', 'Bogura', '0550313794', 'Dhaka University', 2022, 'Active', 9, NOW(), NOW()),
(137, 1, 'Nazrul Alam', 'Karim Ahmed', 'Nargis Alam', 'Male', 'Khulna', 'Khulna', '4220076757', 'Barisal University', 2022, 'Active', 3, NOW(), NOW()),
(138, 1, 'Hasan Rahman', 'Rafiq Miah', 'Kamal Khan', 'Male', 'Mymensingh', 'Mymensingh', '7976438610', 'Rajshahi University', 2023, 'Active', 4, NOW(), NOW()),
(139, 1, 'Jamal Uddin', 'Karim Islam', 'Karim Haque', 'Female', 'Dhaka', 'Dhaka', '5809272643', 'Sylhet Agricultural University', 2025, 'Inactive', 5, NOW(), NOW()),
(140, 1, 'Rafiq Hossain', 'Nargis Khan', 'Rahim Khan', 'Male', 'Khulna', 'Khulna', '6371481075', 'Barisal University', 2023, 'Inactive', 8, NOW(), NOW()),
(141, 1, 'Salam Uddin', 'Salam Ahmed', 'Rehana Khan', 'Female', 'Chattogram', 'Chattogram', '3760404306', 'Comilla University', 2022, 'Active', 8, NOW(), NOW()),
(142, 1, 'Salma Ahmed', 'Rafiq Haque', 'Abdullah Miah', 'Male', 'Rajshahi', 'Rajshahi', '3147660604', 'Barisal University', 2025, 'Active', 3, NOW(), NOW()),
(143, 1, 'Abdullah Rahman', 'Rafiq Chowdhury', 'Jamal Hossain', 'Female', 'Bogura', 'Bogura', '4756740349', 'Rajshahi University', 2025, 'Inactive', 5, NOW(), NOW()),
(144, 1, 'Rupa Khan', 'Shirin Miah', 'Fatima Alam', 'Female', 'Bogura', 'Bogura', '2055848958', 'Dhaka University', 2023, 'Active', 8, NOW(), NOW()),
(145, 1, 'Abdullah Alam', 'Nazrul Khan', 'Rahim Hossain', 'Male', 'Khulna', 'Khulna', '4903832371', 'Barisal University', 2024, 'Active', 6, NOW(), NOW()),
(146, 1, 'Hasan Miah', 'Nargis Haque', 'Rehana Haque', 'Male', 'Rangpur', 'Rangpur', '3524763282', 'BUET', 2022, 'Inactive', 9, NOW(), NOW()),
(147, 1, 'Rokeya Chowdhury', 'Rehana Hossain', 'Fatima Haque', 'Female', 'Sylhet', 'Sylhet', '5954970285', 'Rajshahi University', 2023, 'Active', 4, NOW(), NOW()),
(148, 1, 'Ayesha Miah', 'Salma Hossain', 'Kamal Miah', 'Female', 'Mymensingh', 'Mymensingh', '3865988766', 'Sylhet Agricultural University', 2022, 'Inactive', 3, NOW(), NOW()),
(149, 1, 'Salam Alam', 'Kamal Ahmed', 'Ayesha Khan', 'Female', 'Comilla', 'Comilla', '1394576053', 'Khulna University', 2023, 'Active', 4, NOW(), NOW()),
(150, 1, 'Shirin Hossain', 'Fatima Haque', 'Abdullah Islam', 'Female', 'Khulna', 'Khulna', '2864302238', 'Rajshahi University', 2022, 'Active', 10, NOW(), NOW()),
(151, 1, 'Salam Ahmed', 'Rehana Alam', 'Salam Chowdhury', 'Female', 'Bogura', 'Bogura', '2652176880', 'Jahangirnagar University', 2023, 'Active', 2, NOW(), NOW()),
(152, 1, 'Rokeya Ahmed', 'Nargis Alam', 'Jasmine Islam', 'Male', 'Mymensingh', 'Mymensingh', '4416971458', 'Sylhet Agricultural University', 2024, 'Active', 7, NOW(), NOW()),
(153, 1, 'Salma Chowdhury', 'Jasmine Uddin', 'Jasmine Chowdhury', 'Female', 'Barisal', 'Barisal', '0932941870', 'Chittagong University', 2022, 'Active', 1, NOW(), NOW()),
(154, 1, 'Rahim Ahmed', 'Ayesha Hossain', 'Salma Hossain', 'Male', 'Rangpur', 'Rangpur', '5058524070', 'Jahangirnagar University', 2024, 'Active', 4, NOW(), NOW()),
(155, 1, 'Nazrul Alam', 'Karim Miah', 'Jasmine Chowdhury', 'Female', 'Rajshahi', 'Rajshahi', '4091108563', 'National University', 2023, 'Active', 9, NOW(), NOW()),
(156, 1, 'Nargis Khan', 'Jasmine Hossain', 'Nasrin Islam', 'Male', 'Bogura', 'Bogura', '6813654719', 'Rajshahi University', 2024, 'Active', 8, NOW(), NOW()),
(157, 1, 'Ayesha Haque', 'Rafiq Islam', 'Hossain Uddin', 'Female', 'Dhaka', 'Dhaka', '5739482119', 'Khulna University', 2023, 'Active', 4, NOW(), NOW()),
(158, 1, 'Rehana Uddin', 'Shirin Khan', 'Rupa Alam', 'Male', 'Rajshahi', 'Rajshahi', '7739324831', 'Rajshahi University', 2023, 'Inactive', 4, NOW(), NOW()),
(159, 1, 'Hossain Hossain', 'Ayesha Chowdhury', 'Rafiq Chowdhury', 'Female', 'Bogura', 'Bogura', '1299329381', 'Chittagong University', 2025, 'Active', 10, NOW(), NOW()),
(160, 1, 'Nargis Rahman', 'Rahim Haque', 'Ayesha Hossain', 'Male', 'Comilla', 'Comilla', '5403193860', 'BUET', 2025, 'Active', 10, NOW(), NOW()),
(161, 1, 'Nasrin Uddin', 'Nazrul Chowdhury', 'Jamal Alam', 'Male', 'Rangpur', 'Rangpur', '5653212391', 'Sylhet Agricultural University', 2022, 'Active', 6, NOW(), NOW()),
(162, 1, 'Jamal Hossain', 'Rokeya Rahman', 'Rafiq Islam', 'Female', 'Comilla', 'Comilla', '1449585341', 'Chittagong University', 2024, 'Active', 10, NOW(), NOW()),
(163, 1, 'Fatima Miah', 'Nazrul Uddin', 'Hasan Khan', 'Male', 'Comilla', 'Comilla', '1684207430', 'BUET', 2024, 'Active', 3, NOW(), NOW()),
(164, 1, 'Kamal Chowdhury', 'Salam Hossain', 'Shirin Chowdhury', 'Male', 'Khulna', 'Khulna', '1881848600', 'BUET', 2025, 'Active', 6, NOW(), NOW()),
(165, 1, 'Salam Hossain', 'Ayesha Ahmed', 'Abdullah Miah', 'Male', 'Bogura', 'Bogura', '1252515298', 'Comilla University', 2022, 'Active', 3, NOW(), NOW()),
(166, 1, 'Hasan Hossain', 'Nargis Alam', 'Shirin Miah', 'Male', 'Mymensingh', 'Mymensingh', '5688744467', 'Sylhet Agricultural University', 2025, 'Active', 1, NOW(), NOW()),
(167, 1, 'Fatima Islam', 'Rehana Rahman', 'Jasmine Ahmed', 'Male', 'Rangpur', 'Rangpur', '1776935660', 'Sylhet Agricultural University', 2022, 'Active', 4, NOW(), NOW()),
(168, 1, 'Rupa Uddin', 'Shirin Miah', 'Abdullah Islam', 'Male', 'Bogura', 'Bogura', '9216987128', 'Sylhet Agricultural University', 2023, 'Active', 9, NOW(), NOW()),
(169, 1, 'Rafiq Hossain', 'Rokeya Ahmed', 'Karim Uddin', 'Female', 'Rangpur', 'Rangpur', '8836655414', 'Jahangirnagar University', 2022, 'Inactive', 5, NOW(), NOW()),
(170, 1, 'Hasan Islam', 'Jasmine Islam', 'Abdullah Islam', 'Male', 'Mymensingh', 'Mymensingh', '4028989725', 'BUET', 2024, 'Active', 2, NOW(), NOW()),
(171, 1, 'Kamal Alam', 'Nasrin Ahmed', 'Nasrin Uddin', 'Female', 'Bogura', 'Bogura', '1591420611', 'BUET', 2025, 'Active', 7, NOW(), NOW()),
(172, 1, 'Rehana Miah', 'Hasan Alam', 'Karim Rahman', 'Female', 'Barisal', 'Barisal', '0231044484', 'Barisal University', 2025, 'Inactive', 3, NOW(), NOW()),
(173, 1, 'Rokeya Ahmed', 'Abdullah Rahman', 'Rupa Islam', 'Female', 'Bogura', 'Bogura', '7901757011', 'Comilla University', 2024, 'Inactive', 5, NOW(), NOW()),
(174, 1, 'Rahim Uddin', 'Hossain Haque', 'Rafiq Khan', 'Male', 'Bogura', 'Bogura', '2976491872', 'Khulna University', 2024, 'Active', 4, NOW(), NOW()),
(175, 1, 'Rokeya Chowdhury', 'Rafiq Hossain', 'Jamal Khan', 'Female', 'Rajshahi', 'Rajshahi', '0908462811', 'National University', 2022, 'Active', 9, NOW(), NOW()),
(176, 1, 'Shirin Alam', 'Rupa Ahmed', 'Rehana Khan', 'Female', 'Comilla', 'Comilla', '5496563082', 'Khulna University', 2023, 'Active', 6, NOW(), NOW()),
(177, 1, 'Nasrin Hossain', 'Rahim Haque', 'Nasrin Miah', 'Female', 'Rajshahi', 'Rajshahi', '9181201015', 'Barisal University', 2024, 'Active', 2, NOW(), NOW()),
(178, 1, 'Hasan Islam', 'Hasan Miah', 'Rehana Islam', 'Female', 'Mymensingh', 'Mymensingh', '9526876704', 'Barisal University', 2022, 'Active', 6, NOW(), NOW()),
(179, 1, 'Kamal Chowdhury', 'Rahim Haque', 'Jasmine Uddin', 'Female', 'Dhaka', 'Dhaka', '4648984890', 'Khulna University', 2024, 'Active', 10, NOW(), NOW()),
(180, 1, 'Rahim Uddin', 'Nazrul Haque', 'Hasan Uddin', 'Male', 'Mymensingh', 'Mymensingh', '1602961403', 'Dhaka University', 2023, 'Active', 2, NOW(), NOW()),
(181, 1, 'Kamal Miah', 'Nargis Chowdhury', 'Abdullah Haque', 'Female', 'Chattogram', 'Chattogram', '8894182322', 'BUET', 2024, 'Active', 1, NOW(), NOW()),
(182, 1, 'Salma Rahman', 'Hossain Khan', 'Shirin Hossain', 'Male', 'Rajshahi', 'Rajshahi', '9942987492', 'Sylhet Agricultural University', 2025, 'Active', 1, NOW(), NOW()),
(183, 1, 'Jamal Khan', 'Salma Rahman', 'Nargis Chowdhury', 'Female', 'Chattogram', 'Chattogram', '2322723989', 'Barisal University', 2022, 'Active', 8, NOW(), NOW()),
(184, 1, 'Shirin Islam', 'Rahim Rahman', 'Karim Khan', 'Female', 'Chattogram', 'Chattogram', '6860018540', 'Jahangirnagar University', 2022, 'Active', 6, NOW(), NOW()),
(185, 1, 'Rupa Chowdhury', 'Abdullah Haque', 'Hasan Ahmed', 'Female', 'Chattogram', 'Chattogram', '4368868386', 'National University', 2025, 'Active', 5, NOW(), NOW()),
(186, 1, 'Karim Khan', 'Jamal Khan', 'Shirin Miah', 'Female', 'Khulna', 'Khulna', '9219661838', 'Jahangirnagar University', 2022, 'Active', 10, NOW(), NOW()),
(187, 1, 'Fatima Chowdhury', 'Nazrul Haque', 'Jasmine Uddin', 'Male', 'Mymensingh', 'Mymensingh', '7535855073', 'BUET', 2023, 'Active', 2, NOW(), NOW()),
(188, 1, 'Karim Haque', 'Rupa Hossain', 'Salam Miah', 'Male', 'Barisal', 'Barisal', '4676938601', 'Comilla University', 2022, 'Active', 5, NOW(), NOW()),
(189, 1, 'Rokeya Rahman', 'Rupa Uddin', 'Shirin Miah', 'Female', 'Comilla', 'Comilla', '9347173894', 'National University', 2025, 'Active', 1, NOW(), NOW()),
(190, 1, 'Salam Hossain', 'Karim Chowdhury', 'Ayesha Hossain', 'Male', 'Barisal', 'Barisal', '0585868845', 'BUET', 2025, 'Active', 6, NOW(), NOW()),
(191, 1, 'Nazrul Ahmed', 'Ayesha Islam', 'Salam Ahmed', 'Male', 'Dhaka', 'Dhaka', '9338119005', 'Khulna University', 2025, 'Active', 1, NOW(), NOW()),
(192, 1, 'Shirin Ahmed', 'Shirin Islam', 'Jasmine Rahman', 'Male', 'Rajshahi', 'Rajshahi', '3140447549', 'National University', 2022, 'Active', 2, NOW(), NOW()),
(193, 1, 'Salma Miah', 'Rupa Chowdhury', 'Nasrin Miah', 'Male', 'Sylhet', 'Sylhet', '6236082384', 'BUET', 2024, 'Active', 10, NOW(), NOW()),
(194, 1, 'Hossain Haque', 'Salam Rahman', 'Rafiq Ahmed', 'Female', 'Chattogram', 'Chattogram', '9984114300', 'Dhaka University', 2022, 'Inactive', 4, NOW(), NOW()),
(195, 1, 'Kamal Chowdhury', 'Karim Khan', 'Fatima Miah', 'Female', 'Chattogram', 'Chattogram', '9960927968', 'National University', 2024, 'Active', 7, NOW(), NOW()),
(196, 1, 'Hasan Chowdhury', 'Nazrul Khan', 'Shirin Miah', 'Female', 'Chattogram', 'Chattogram', '6288170837', 'Khulna University', 2023, 'Active', 2, NOW(), NOW()),
(197, 1, 'Rahim Rahman', 'Nazrul Islam', 'Rehana Haque', 'Female', 'Barisal', 'Barisal', '6719604930', 'Sylhet Agricultural University', 2025, 'Active', 8, NOW(), NOW()),
(198, 1, 'Nazrul Khan', 'Rehana Ahmed', 'Nargis Ahmed', 'Male', 'Sylhet', 'Sylhet', '7559077739', 'Rajshahi University', 2022, 'Active', 2, NOW(), NOW()),
(199, 1, 'Karim Alam', 'Karim Islam', 'Rehana Khan', 'Female', 'Comilla', 'Comilla', '0192276535', 'Rajshahi University', 2022, 'Active', 4, NOW(), NOW()),
(200, 1, 'Kamal Islam', 'Kamal Miah', 'Rokeya Rahman', 'Male', 'Dhaka', 'Dhaka', '7672809279', 'National University', 2024, 'Active', 7, NOW(), NOW()),
(201, 1, 'Abdullah Miah', 'Karim Alam', 'Hossain Uddin', 'Male', 'Chattogram', 'Chattogram', '6914105108', 'Dhaka University', 2025, 'Active', 10, NOW(), NOW()),
(202, 1, 'Nazrul Miah', 'Karim Miah', 'Rokeya Uddin', 'Male', 'Rajshahi', 'Rajshahi', '3860403990', 'Dhaka University', 2023, 'Active', 4, NOW(), NOW()),
(203, 1, 'Jamal Haque', 'Rafiq Uddin', 'Kamal Khan', 'Male', 'Rajshahi', 'Rajshahi', '5123404679', 'Khulna University', 2023, 'Active', 8, NOW(), NOW()),
(204, 1, 'Karim Ahmed', 'Nazrul Alam', 'Kamal Rahman', 'Female', 'Sylhet', 'Sylhet', '7325474451', 'Barisal University', 2023, 'Active', 7, NOW(), NOW()),
(205, 1, 'Hossain Khan', 'Karim Miah', 'Jamal Hossain', 'Male', 'Bogura', 'Bogura', '7989079284', 'Comilla University', 2025, 'Active', 3, NOW(), NOW()),
(206, 1, 'Shirin Ahmed', 'Nazrul Alam', 'Jasmine Rahman', 'Female', 'Rangpur', 'Rangpur', '0035736664', 'Sylhet Agricultural University', 2023, 'Inactive', 3, NOW(), NOW()),
(207, 1, 'Salam Alam', 'Rupa Ahmed', 'Jasmine Chowdhury', 'Female', 'Khulna', 'Khulna', '0495024666', 'Sylhet Agricultural University', 2024, 'Active', 10, NOW(), NOW()),
(208, 1, 'Rahim Miah', 'Rupa Alam', 'Rehana Haque', 'Male', 'Bogura', 'Bogura', '0007002474', 'Barisal University', 2023, 'Active', 4, NOW(), NOW()),
(209, 1, 'Kamal Uddin', 'Rafiq Alam', 'Salam Ahmed', 'Male', 'Dhaka', 'Dhaka', '0759558731', 'Barisal University', 2022, 'Active', 9, NOW(), NOW()),
(210, 1, 'Salma Ahmed', 'Jasmine Haque', 'Kamal Haque', 'Female', 'Bogura', 'Bogura', '8701672238', 'National University', 2023, 'Active', 1, NOW(), NOW()),
(211, 1, 'Jasmine Chowdhury', 'Rupa Chowdhury', 'Jasmine Uddin', 'Female', 'Sylhet', 'Sylhet', '1838003436', 'Jahangirnagar University', 2023, 'Active', 1, NOW(), NOW()),
(212, 1, 'Rokeya Chowdhury', 'Rehana Khan', 'Nargis Uddin', 'Female', 'Barisal', 'Barisal', '6420646707', 'Sylhet Agricultural University', 2023, 'Active', 4, NOW(), NOW()),
(213, 1, 'Abdullah Islam', 'Jamal Miah', 'Fatima Alam', 'Female', 'Khulna', 'Khulna', '5095289927', 'Comilla University', 2023, 'Active', 6, NOW(), NOW()),
(214, 1, 'Rupa Alam', 'Hasan Ahmed', 'Rahim Chowdhury', 'Male', 'Barisal', 'Barisal', '4748738548', 'Barisal University', 2022, 'Active', 1, NOW(), NOW()),
(215, 1, 'Rehana Miah', 'Shirin Hossain', 'Rupa Uddin', 'Male', 'Dhaka', 'Dhaka', '4844926164', 'National University', 2023, 'Active', 5, NOW(), NOW()),
(216, 1, 'Rehana Khan', 'Abdullah Haque', 'Rafiq Miah', 'Female', 'Khulna', 'Khulna', '4510401728', 'Sylhet Agricultural University', 2025, 'Active', 7, NOW(), NOW()),
(217, 1, 'Hossain Uddin', 'Nasrin Khan', 'Kamal Ahmed', 'Male', 'Dhaka', 'Dhaka', '9832102481', 'Rajshahi University', 2025, 'Active', 7, NOW(), NOW()),
(218, 1, 'Rehana Hossain', 'Salma Uddin', 'Nazrul Miah', 'Female', 'Khulna', 'Khulna', '7145302297', 'National University', 2023, 'Active', 9, NOW(), NOW()),
(219, 1, 'Shirin Rahman', 'Rehana Hossain', 'Hossain Rahman', 'Male', 'Sylhet', 'Sylhet', '3250301668', 'Chittagong University', 2022, 'Active', 1, NOW(), NOW()),
(220, 1, 'Abdullah Hossain', 'Rafiq Rahman', 'Salma Rahman', 'Female', 'Mymensingh', 'Mymensingh', '4941246593', 'Jahangirnagar University', 2022, 'Active', 2, NOW(), NOW()),
(221, 1, 'Shirin Hossain', 'Ayesha Rahman', 'Fatima Chowdhury', 'Female', 'Rangpur', 'Rangpur', '3470736800', 'Sylhet Agricultural University', 2023, 'Active', 6, NOW(), NOW()),
(222, 1, 'Rehana Rahman', 'Rupa Khan', 'Rupa Miah', 'Male', 'Bogura', 'Bogura', '6875335920', 'Barisal University', 2024, 'Active', 6, NOW(), NOW()),
(223, 1, 'Hasan Chowdhury', 'Abdullah Rahman', 'Nargis Alam', 'Female', 'Khulna', 'Khulna', '9442683197', 'BUET', 2023, 'Active', 10, NOW(), NOW()),
(224, 1, 'Jamal Haque', 'Fatima Chowdhury', 'Rokeya Uddin', 'Male', 'Mymensingh', 'Mymensingh', '2282329066', 'Khulna University', 2024, 'Active', 10, NOW(), NOW()),
(225, 1, 'Ayesha Uddin', 'Abdullah Miah', 'Abdullah Ahmed', 'Male', 'Barisal', 'Barisal', '5554023939', 'Rajshahi University', 2024, 'Active', 1, NOW(), NOW()),
(226, 1, 'Ayesha Islam', 'Jamal Miah', 'Nazrul Rahman', 'Male', 'Chattogram', 'Chattogram', '9711892824', 'Barisal University', 2023, 'Active', 8, NOW(), NOW()),
(227, 1, 'Fatima Miah', 'Nasrin Miah', 'Karim Ahmed', 'Female', 'Comilla', 'Comilla', '5838792876', 'Chittagong University', 2024, 'Active', 9, NOW(), NOW()),
(228, 1, 'Salma Islam', 'Jasmine Islam', 'Rehana Miah', 'Female', 'Dhaka', 'Dhaka', '6963885802', 'Jahangirnagar University', 2025, 'Active', 3, NOW(), NOW()),
(229, 1, 'Jasmine Chowdhury', 'Rokeya Alam', 'Salam Khan', 'Male', 'Khulna', 'Khulna', '8458465963', 'Khulna University', 2023, 'Active', 3, NOW(), NOW()),
(230, 1, 'Rupa Miah', 'Kamal Khan', 'Salam Miah', 'Female', 'Rangpur', 'Rangpur', '3173759952', 'Rajshahi University', 2022, 'Active', 6, NOW(), NOW()),
(231, 1, 'Fatima Miah', 'Ayesha Chowdhury', 'Rahim Uddin', 'Male', 'Mymensingh', 'Mymensingh', '0395777920', 'Rajshahi University', 2025, 'Active', 6, NOW(), NOW()),
(232, 1, 'Salma Haque', 'Jamal Haque', 'Rahim Ahmed', 'Female', 'Mymensingh', 'Mymensingh', '6624168590', 'National University', 2025, 'Active', 2, NOW(), NOW()),
(233, 1, 'Nargis Alam', 'Fatima Ahmed', 'Jamal Alam', 'Female', 'Dhaka', 'Dhaka', '0284696976', 'Barisal University', 2025, 'Active', 5, NOW(), NOW()),
(234, 1, 'Karim Islam', 'Hasan Haque', 'Rahim Ahmed', 'Female', 'Dhaka', 'Dhaka', '2392165459', 'Comilla University', 2023, 'Active', 10, NOW(), NOW()),
(235, 1, 'Rafiq Miah', 'Salma Ahmed', 'Rehana Islam', 'Female', 'Comilla', 'Comilla', '7102383792', 'National University', 2022, 'Active', 3, NOW(), NOW()),
(236, 1, 'Ayesha Khan', 'Abdullah Uddin', 'Nazrul Alam', 'Male', 'Rangpur', 'Rangpur', '6428137691', 'Khulna University', 2023, 'Active', 8, NOW(), NOW()),
(237, 1, 'Hasan Chowdhury', 'Jamal Ahmed', 'Rokeya Ahmed', 'Male', 'Sylhet', 'Sylhet', '3860477192', 'BUET', 2025, 'Active', 5, NOW(), NOW()),
(238, 1, 'Nargis Alam', 'Rokeya Islam', 'Shirin Islam', 'Male', 'Sylhet', 'Sylhet', '6851251538', 'Jahangirnagar University', 2025, 'Active', 3, NOW(), NOW()),
(239, 1, 'Ayesha Haque', 'Rokeya Alam', 'Shirin Khan', 'Female', 'Rangpur', 'Rangpur', '9605762327', 'Dhaka University', 2025, 'Active', 4, NOW(), NOW()),
(240, 1, 'Rafiq Hossain', 'Kamal Hossain', 'Salma Hossain', 'Male', 'Rajshahi', 'Rajshahi', '2533007231', 'Jahangirnagar University', 2022, 'Active', 9, NOW(), NOW()),
(241, 1, 'Nazrul Uddin', 'Ayesha Uddin', 'Jasmine Ahmed', 'Male', 'Rangpur', 'Rangpur', '8055412929', 'BUET', 2025, 'Active', 6, NOW(), NOW()),
(242, 1, 'Hasan Chowdhury', 'Abdullah Miah', 'Rehana Alam', 'Male', 'Dhaka', 'Dhaka', '5192672918', 'Jahangirnagar University', 2023, 'Active', 2, NOW(), NOW()),
(243, 1, 'Karim Miah', 'Hasan Khan', 'Kamal Miah', 'Male', 'Rangpur', 'Rangpur', '8371399427', 'Rajshahi University', 2025, 'Active', 2, NOW(), NOW()),
(244, 1, 'Rahim Hossain', 'Rahim Haque', 'Hossain Chowdhury', 'Female', 'Bogura', 'Bogura', '1947271937', 'National University', 2022, 'Active', 6, NOW(), NOW()),
(245, 1, 'Rafiq Hossain', 'Hasan Ahmed', 'Ayesha Ahmed', 'Male', 'Chattogram', 'Chattogram', '7614092277', 'Sylhet Agricultural University', 2025, 'Inactive', 6, NOW(), NOW()),
(246, 1, 'Rafiq Haque', 'Karim Hossain', 'Rahim Khan', 'Female', 'Barisal', 'Barisal', '1103279648', 'Sylhet Agricultural University', 2023, 'Active', 9, NOW(), NOW()),
(247, 1, 'Jasmine Ahmed', 'Hossain Alam', 'Nasrin Miah', 'Female', 'Rangpur', 'Rangpur', '2611694893', 'National University', 2023, 'Active', 9, NOW(), NOW()),
(248, 1, 'Nazrul Rahman', 'Shirin Haque', 'Rahim Chowdhury', 'Male', 'Rajshahi', 'Rajshahi', '3301165546', 'BUET', 2022, 'Active', 3, NOW(), NOW()),
(249, 1, 'Hossain Uddin', 'Rehana Hossain', 'Nargis Haque', 'Female', 'Comilla', 'Comilla', '9455486891', 'Rajshahi University', 2025, 'Active', 9, NOW(), NOW()),
(250, 1, 'Jamal Khan', 'Kamal Uddin', 'Rokeya Islam', 'Female', 'Khulna', 'Khulna', '8028736844', 'Jahangirnagar University', 2025, 'Inactive', 5, NOW(), NOW()),
(251, 1, 'Rokeya Hossain', 'Nazrul Islam', 'Salam Haque', 'Female', 'Dhaka', 'Dhaka', '6607696989', 'Barisal University', 2024, 'Active', 8, NOW(), NOW()),
(252, 1, 'Nargis Khan', 'Abdullah Haque', 'Hasan Alam', 'Male', 'Rajshahi', 'Rajshahi', '7422733660', 'Khulna University', 2022, 'Active', 7, NOW(), NOW()),
(253, 1, 'Hossain Islam', 'Jamal Uddin', 'Nasrin Hossain', 'Male', 'Rangpur', 'Rangpur', '7313721092', 'Sylhet Agricultural University', 2024, 'Active', 1, NOW(), NOW()),
(254, 1, 'Shirin Rahman', 'Jamal Uddin', 'Jamal Islam', 'Female', 'Sylhet', 'Sylhet', '5859936038', 'Khulna University', 2022, 'Active', 4, NOW(), NOW()),
(255, 1, 'Jasmine Chowdhury', 'Nargis Islam', 'Nasrin Rahman', 'Female', 'Comilla', 'Comilla', '8245178513', 'Jahangirnagar University', 2023, 'Active', 10, NOW(), NOW()),
(256, 1, 'Rokeya Uddin', 'Rehana Islam', 'Salam Alam', 'Male', 'Comilla', 'Comilla', '9877267461', 'Sylhet Agricultural University', 2024, 'Active', 8, NOW(), NOW()),
(257, 1, 'Nargis Haque', 'Karim Chowdhury', 'Kamal Uddin', 'Male', 'Comilla', 'Comilla', '7545265254', 'Dhaka University', 2024, 'Active', 3, NOW(), NOW()),
(258, 1, 'Shirin Ahmed', 'Rokeya Ahmed', 'Abdullah Uddin', 'Female', 'Bogura', 'Bogura', '7538011856', 'Jahangirnagar University', 2023, 'Inactive', 4, NOW(), NOW()),
(259, 1, 'Karim Chowdhury', 'Salma Alam', 'Hossain Miah', 'Female', 'Chattogram', 'Chattogram', '9165256313', 'Jahangirnagar University', 2022, 'Inactive', 8, NOW(), NOW()),
(260, 1, 'Shirin Alam', 'Hasan Hossain', 'Nasrin Hossain', 'Male', 'Dhaka', 'Dhaka', '7541137273', 'Barisal University', 2024, 'Active', 1, NOW(), NOW()),
(261, 1, 'Nasrin Ahmed', 'Ayesha Chowdhury', 'Jamal Alam', 'Male', 'Comilla', 'Comilla', '2136629636', 'Barisal University', 2023, 'Active', 10, NOW(), NOW()),
(262, 1, 'Shirin Miah', 'Rehana Haque', 'Karim Rahman', 'Female', 'Khulna', 'Khulna', '2681967638', 'Comilla University', 2022, 'Active', 4, NOW(), NOW()),
(263, 1, 'Salma Uddin', 'Nasrin Ahmed', 'Karim Alam', 'Female', 'Bogura', 'Bogura', '4257512355', 'Dhaka University', 2025, 'Active', 6, NOW(), NOW()),
(264, 1, 'Karim Ahmed', 'Jamal Khan', 'Rahim Ahmed', 'Male', 'Sylhet', 'Sylhet', '3383954790', 'Comilla University', 2023, 'Inactive', 1, NOW(), NOW()),
(265, 1, 'Rahim Miah', 'Rafiq Haque', 'Karim Khan', 'Female', 'Dhaka', 'Dhaka', '5426771488', 'Barisal University', 2022, 'Active', 5, NOW(), NOW()),
(266, 1, 'Kamal Islam', 'Rokeya Ahmed', 'Rehana Islam', 'Female', 'Comilla', 'Comilla', '2108285209', 'Sylhet Agricultural University', 2022, 'Active', 4, NOW(), NOW()),
(267, 1, 'Rokeya Uddin', 'Fatima Islam', 'Kamal Hossain', 'Female', 'Mymensingh', 'Mymensingh', '2070408911', 'Dhaka University', 2024, 'Inactive', 5, NOW(), NOW()),
(268, 1, 'Rafiq Miah', 'Kamal Rahman', 'Salma Alam', 'Male', 'Khulna', 'Khulna', '1195083095', 'Sylhet Agricultural University', 2024, 'Active', 6, NOW(), NOW()),
(269, 1, 'Rokeya Rahman', 'Karim Ahmed', 'Nargis Uddin', 'Male', 'Barisal', 'Barisal', '3217208078', 'Barisal University', 2024, 'Active', 3, NOW(), NOW()),
(270, 1, 'Kamal Ahmed', 'Fatima Chowdhury', 'Rokeya Alam', 'Male', 'Khulna', 'Khulna', '6652034818', 'Barisal University', 2023, 'Active', 10, NOW(), NOW()),
(271, 1, 'Salma Islam', 'Nazrul Alam', 'Nargis Khan', 'Female', 'Khulna', 'Khulna', '2927032058', 'Barisal University', 2023, 'Active', 6, NOW(), NOW()),
(272, 1, 'Hossain Khan', 'Hossain Hossain', 'Rokeya Rahman', 'Female', 'Rajshahi', 'Rajshahi', '9901223089', 'Sylhet Agricultural University', 2022, 'Active', 3, NOW(), NOW()),
(273, 1, 'Rahim Ahmed', 'Fatima Alam', 'Salam Ahmed', 'Female', 'Sylhet', 'Sylhet', '4470382947', 'National University', 2022, 'Active', 1, NOW(), NOW()),
(274, 1, 'Hasan Chowdhury', 'Salam Uddin', 'Rehana Hossain', 'Female', 'Comilla', 'Comilla', '4321423897', 'Jahangirnagar University', 2023, 'Active', 8, NOW(), NOW()),
(275, 1, 'Abdullah Miah', 'Rehana Hossain', 'Rahim Ahmed', 'Female', 'Bogura', 'Bogura', '1980771952', 'Jahangirnagar University', 2023, 'Active', 9, NOW(), NOW()),
(276, 1, 'Nazrul Miah', 'Rupa Miah', 'Hasan Miah', 'Female', 'Rangpur', 'Rangpur', '6025852225', 'Chittagong University', 2025, 'Active', 2, NOW(), NOW()),
(277, 1, 'Hasan Khan', 'Rupa Chowdhury', 'Jamal Chowdhury', 'Female', 'Rajshahi', 'Rajshahi', '1991305901', 'Jahangirnagar University', 2023, 'Active', 2, NOW(), NOW()),
(278, 1, 'Rehana Khan', 'Nazrul Islam', 'Hossain Chowdhury', 'Male', 'Mymensingh', 'Mymensingh', '2280051348', 'National University', 2022, 'Inactive', 7, NOW(), NOW()),
(279, 1, 'Rokeya Islam', 'Karim Ahmed', 'Rehana Ahmed', 'Male', 'Dhaka', 'Dhaka', '4145282862', 'Khulna University', 2022, 'Active', 10, NOW(), NOW()),
(280, 1, 'Hasan Uddin', 'Hossain Hossain', 'Hasan Haque', 'Female', 'Barisal', 'Barisal', '6192962270', 'National University', 2025, 'Active', 3, NOW(), NOW()),
(281, 1, 'Jasmine Chowdhury', 'Nasrin Miah', 'Rahim Miah', 'Female', 'Comilla', 'Comilla', '7385163939', 'Comilla University', 2022, 'Active', 3, NOW(), NOW()),
(282, 1, 'Shirin Islam', 'Jasmine Miah', 'Rehana Khan', 'Female', 'Rangpur', 'Rangpur', '2445512298', 'Khulna University', 2023, 'Active', 10, NOW(), NOW()),
(283, 1, 'Hasan Rahman', 'Rehana Chowdhury', 'Salam Khan', 'Female', 'Dhaka', 'Dhaka', '5612912869', 'Jahangirnagar University', 2025, 'Active', 9, NOW(), NOW()),
(284, 1, 'Jasmine Rahman', 'Ayesha Haque', 'Rupa Hossain', 'Male', 'Rangpur', 'Rangpur', '2795763205', 'Jahangirnagar University', 2024, 'Active', 10, NOW(), NOW()),
(285, 1, 'Nazrul Rahman', 'Abdullah Khan', 'Rahim Uddin', 'Female', 'Bogura', 'Bogura', '7592404540', 'Khulna University', 2023, 'Active', 8, NOW(), NOW()),
(286, 1, 'Salma Alam', 'Abdullah Alam', 'Hasan Islam', 'Female', 'Mymensingh', 'Mymensingh', '9527822790', 'Sylhet Agricultural University', 2023, 'Active', 8, NOW(), NOW()),
(287, 1, 'Karim Ahmed', 'Salam Khan', 'Ayesha Khan', 'Female', 'Chattogram', 'Chattogram', '8516643189', 'Rajshahi University', 2022, 'Active', 3, NOW(), NOW()),
(288, 1, 'Rehana Rahman', 'Abdullah Rahman', 'Nargis Khan', 'Male', 'Rangpur', 'Rangpur', '3209236230', 'National University', 2022, 'Active', 8, NOW(), NOW()),
(289, 1, 'Rupa Khan', 'Salma Hossain', 'Kamal Uddin', 'Female', 'Comilla', 'Comilla', '7509481838', 'Comilla University', 2025, 'Inactive', 3, NOW(), NOW()),
(290, 1, 'Hossain Rahman', 'Hossain Hossain', 'Rahim Khan', 'Male', 'Bogura', 'Bogura', '1050806633', 'Rajshahi University', 2025, 'Inactive', 10, NOW(), NOW()),
(291, 1, 'Salma Islam', 'Jasmine Chowdhury', 'Jamal Alam', 'Female', 'Dhaka', 'Dhaka', '3981762116', 'Barisal University', 2022, 'Active', 7, NOW(), NOW()),
(292, 1, 'Rupa Islam', 'Salma Hossain', 'Shirin Alam', 'Female', 'Chattogram', 'Chattogram', '2911313355', 'Jahangirnagar University', 2022, 'Active', 9, NOW(), NOW()),
(293, 1, 'Salam Uddin', 'Rahim Ahmed', 'Rupa Alam', 'Male', 'Barisal', 'Barisal', '5900045336', 'Chittagong University', 2023, 'Inactive', 1, NOW(), NOW()),
(294, 1, 'Rupa Rahman', 'Salma Uddin', 'Nasrin Rahman', 'Female', 'Bogura', 'Bogura', '4617152573', 'National University', 2024, 'Active', 2, NOW(), NOW()),
(295, 1, 'Rokeya Rahman', 'Shirin Haque', 'Nasrin Islam', 'Female', 'Khulna', 'Khulna', '3166932334', 'Barisal University', 2023, 'Active', 3, NOW(), NOW()),
(296, 1, 'Rehana Alam', 'Nasrin Chowdhury', 'Rafiq Miah', 'Male', 'Barisal', 'Barisal', '1025356135', 'Sylhet Agricultural University', 2025, 'Active', 7, NOW(), NOW()),
(297, 1, 'Rupa Hossain', 'Ayesha Ahmed', 'Jamal Islam', 'Female', 'Bogura', 'Bogura', '2731755007', 'BUET', 2025, 'Active', 4, NOW(), NOW()),
(298, 1, 'Rahim Uddin', 'Rafiq Chowdhury', 'Kamal Khan', 'Male', 'Sylhet', 'Sylhet', '8136208651', 'Sylhet Agricultural University', 2024, 'Active', 5, NOW(), NOW()),
(299, 1, 'Shirin Alam', 'Abdullah Khan', 'Nazrul Rahman', 'Female', 'Barisal', 'Barisal', '5423539875', 'Barisal University', 2025, 'Active', 9, NOW(), NOW()),
(300, 1, 'Shirin Chowdhury', 'Nargis Islam', 'Rahim Chowdhury', 'Female', 'Rajshahi', 'Rajshahi', '4514729528', 'Chittagong University', 2025, 'Active', 9, NOW(), NOW()),
(301, 1, 'Ayesha Chowdhury', 'Rupa Haque', 'Nargis Hossain', 'Female', 'Barisal', 'Barisal', '6223071189', 'Dhaka University', 2022, 'Inactive', 9, NOW(), NOW()),
(302, 1, 'Nazrul Rahman', 'Ayesha Islam', 'Nazrul Chowdhury', 'Female', 'Rangpur', 'Rangpur', '5411381962', 'Sylhet Agricultural University', 2023, 'Inactive', 10, NOW(), NOW()),
(303, 1, 'Rafiq Ahmed', 'Fatima Rahman', 'Rafiq Haque', 'Male', 'Khulna', 'Khulna', '2658045099', 'National University', 2023, 'Active', 8, NOW(), NOW()),
(304, 1, 'Shirin Chowdhury', 'Karim Uddin', 'Salam Uddin', 'Male', 'Chattogram', 'Chattogram', '4677385871', 'Sylhet Agricultural University', 2023, 'Active', 6, NOW(), NOW()),
(305, 1, 'Jasmine Islam', 'Rokeya Rahman', 'Jamal Rahman', 'Female', 'Rajshahi', 'Rajshahi', '8148837571', 'National University', 2023, 'Active', 7, NOW(), NOW()),
(306, 1, 'Nazrul Miah', 'Rehana Ahmed', 'Rehana Haque', 'Male', 'Mymensingh', 'Mymensingh', '2906996964', 'Khulna University', 2022, 'Inactive', 9, NOW(), NOW()),
(307, 1, 'Kamal Alam', 'Shirin Islam', 'Nargis Hossain', 'Female', 'Mymensingh', 'Mymensingh', '5142398792', 'Rajshahi University', 2025, 'Inactive', 10, NOW(), NOW()),
(308, 1, 'Fatima Uddin', 'Hasan Islam', 'Rehana Islam', 'Male', 'Rajshahi', 'Rajshahi', '0054523258', 'Chittagong University', 2023, 'Active', 4, NOW(), NOW()),
(309, 1, 'Rahim Khan', 'Hasan Ahmed', 'Fatima Ahmed', 'Male', 'Rangpur', 'Rangpur', '7209502469', 'Barisal University', 2024, 'Active', 9, NOW(), NOW()),
(310, 1, 'Nargis Miah', 'Salam Haque', 'Hossain Hossain', 'Female', 'Rangpur', 'Rangpur', '1368106077', 'Khulna University', 2023, 'Active', 8, NOW(), NOW()),
(311, 1, 'Salam Khan', 'Jamal Miah', 'Jamal Hossain', 'Female', 'Rangpur', 'Rangpur', '9200259340', 'National University', 2023, 'Active', 5, NOW(), NOW()),
(312, 1, 'Kamal Miah', 'Karim Alam', 'Salam Alam', 'Male', 'Khulna', 'Khulna', '9747643107', 'Comilla University', 2024, 'Active', 7, NOW(), NOW()),
(313, 1, 'Nazrul Haque', 'Karim Islam', 'Salam Haque', 'Female', 'Rangpur', 'Rangpur', '3521952068', 'Sylhet Agricultural University', 2023, 'Active', 6, NOW(), NOW()),
(314, 1, 'Ayesha Khan', 'Karim Uddin', 'Jasmine Hossain', 'Male', 'Rajshahi', 'Rajshahi', '1127374666', 'Rajshahi University', 2022, 'Active', 9, NOW(), NOW()),
(315, 1, 'Fatima Rahman', 'Nasrin Uddin', 'Karim Uddin', 'Male', 'Barisal', 'Barisal', '1731906560', 'Khulna University', 2025, 'Active', 2, NOW(), NOW()),
(316, 1, 'Karim Khan', 'Ayesha Uddin', 'Nargis Alam', 'Female', 'Barisal', 'Barisal', '3213000146', 'Chittagong University', 2024, 'Active', 8, NOW(), NOW()),
(317, 1, 'Salma Islam', 'Kamal Rahman', 'Nargis Chowdhury', 'Female', 'Chattogram', 'Chattogram', '4835702588', 'Barisal University', 2025, 'Active', 6, NOW(), NOW()),
(318, 1, 'Salma Haque', 'Fatima Miah', 'Rahim Ahmed', 'Female', 'Mymensingh', 'Mymensingh', '2836532921', 'Jahangirnagar University', 2024, 'Active', 8, NOW(), NOW()),
(319, 1, 'Hasan Alam', 'Nazrul Haque', 'Nasrin Hossain', 'Male', 'Khulna', 'Khulna', '1821523523', 'Chittagong University', 2025, 'Active', 1, NOW(), NOW()),
(320, 1, 'Nargis Hossain', 'Hasan Rahman', 'Kamal Miah', 'Male', 'Khulna', 'Khulna', '5942008027', 'Comilla University', 2023, 'Active', 7, NOW(), NOW()),
(321, 1, 'Hossain Islam', 'Nazrul Chowdhury', 'Hossain Uddin', 'Male', 'Bogura', 'Bogura', '5413740745', 'Barisal University', 2025, 'Active', 4, NOW(), NOW()),
(322, 1, 'Ayesha Haque', 'Nazrul Hossain', 'Rehana Chowdhury', 'Male', 'Sylhet', 'Sylhet', '8368414560', 'Comilla University', 2022, 'Active', 3, NOW(), NOW()),
(323, 1, 'Abdullah Miah', 'Rupa Khan', 'Rupa Haque', 'Female', 'Mymensingh', 'Mymensingh', '1864670846', 'National University', 2022, 'Active', 3, NOW(), NOW()),
(324, 1, 'Kamal Chowdhury', 'Nasrin Islam', 'Nargis Hossain', 'Male', 'Sylhet', 'Sylhet', '0420992475', 'National University', 2023, 'Active', 2, NOW(), NOW()),
(325, 1, 'Hossain Hossain', 'Rokeya Alam', 'Rupa Hossain', 'Male', 'Khulna', 'Khulna', '8256664214', 'National University', 2025, 'Inactive', 9, NOW(), NOW()),
(326, 1, 'Kamal Uddin', 'Salma Ahmed', 'Nargis Islam', 'Male', 'Barisal', 'Barisal', '8590856438', 'Comilla University', 2025, 'Active', 10, NOW(), NOW()),
(327, 1, 'Nargis Ahmed', 'Rehana Alam', 'Jasmine Islam', 'Female', 'Khulna', 'Khulna', '2390027300', 'Dhaka University', 2024, 'Active', 9, NOW(), NOW()),
(328, 1, 'Rehana Khan', 'Karim Chowdhury', 'Salam Ahmed', 'Female', 'Rangpur', 'Rangpur', '6780387675', 'Jahangirnagar University', 2025, 'Active', 5, NOW(), NOW()),
(329, 1, 'Jamal Uddin', 'Nazrul Haque', 'Karim Islam', 'Male', 'Rangpur', 'Rangpur', '4986608866', 'Sylhet Agricultural University', 2023, 'Inactive', 6, NOW(), NOW()),
(330, 1, 'Karim Islam', 'Salma Khan', 'Nazrul Khan', 'Male', 'Rangpur', 'Rangpur', '9669196504', 'Chittagong University', 2023, 'Active', 6, NOW(), NOW()),
(331, 1, 'Jasmine Miah', 'Ayesha Uddin', 'Salma Ahmed', 'Male', 'Chattogram', 'Chattogram', '4049183585', 'National University', 2025, 'Active', 6, NOW(), NOW()),
(332, 1, 'Kamal Ahmed', 'Hossain Uddin', 'Hasan Uddin', 'Female', 'Khulna', 'Khulna', '2080471515', 'Chittagong University', 2025, 'Active', 5, NOW(), NOW()),
(333, 1, 'Rahim Hossain', 'Rupa Khan', 'Salma Haque', 'Male', 'Rangpur', 'Rangpur', '7694589382', 'BUET', 2022, 'Active', 4, NOW(), NOW()),
(334, 1, 'Karim Khan', 'Kamal Chowdhury', 'Hasan Haque', 'Male', 'Comilla', 'Comilla', '4413269307', 'Comilla University', 2024, 'Active', 2, NOW(), NOW()),
(335, 1, 'Kamal Hossain', 'Rokeya Rahman', 'Nargis Hossain', 'Female', 'Comilla', 'Comilla', '9846169942', 'BUET', 2023, 'Active', 8, NOW(), NOW()),
(336, 1, 'Karim Uddin', 'Rupa Ahmed', 'Shirin Alam', 'Male', 'Comilla', 'Comilla', '2215981744', 'Comilla University', 2025, 'Active', 3, NOW(), NOW()),
(337, 1, 'Hossain Alam', 'Rafiq Miah', 'Hossain Haque', 'Female', 'Dhaka', 'Dhaka', '6299664232', 'National University', 2023, 'Inactive', 3, NOW(), NOW()),
(338, 1, 'Rehana Islam', 'Shirin Khan', 'Jamal Haque', 'Male', 'Bogura', 'Bogura', '2610770418', 'Dhaka University', 2022, 'Active', 3, NOW(), NOW()),
(339, 1, 'Karim Chowdhury', 'Ayesha Ahmed', 'Ayesha Miah', 'Female', 'Chattogram', 'Chattogram', '1732264070', 'Rajshahi University', 2023, 'Active', 2, NOW(), NOW()),
(340, 1, 'Karim Miah', 'Ayesha Miah', 'Rahim Chowdhury', 'Male', 'Chattogram', 'Chattogram', '4195140515', 'Dhaka University', 2022, 'Active', 5, NOW(), NOW()),
(341, 1, 'Rehana Haque', 'Fatima Uddin', 'Nasrin Islam', 'Female', 'Sylhet', 'Sylhet', '8764411173', 'Barisal University', 2023, 'Active', 10, NOW(), NOW()),
(342, 1, 'Hasan Chowdhury', 'Shirin Chowdhury', 'Salma Uddin', 'Female', 'Barisal', 'Barisal', '3351366222', 'Khulna University', 2023, 'Active', 8, NOW(), NOW()),
(343, 1, 'Nasrin Chowdhury', 'Shirin Haque', 'Jamal Hossain', 'Female', 'Barisal', 'Barisal', '8812559847', 'Chittagong University', 2025, 'Active', 6, NOW(), NOW()),
(344, 1, 'Rafiq Rahman', 'Kamal Khan', 'Nasrin Islam', 'Female', 'Barisal', 'Barisal', '0879450924', 'Khulna University', 2022, 'Active', 6, NOW(), NOW()),
(345, 1, 'Abdullah Rahman', 'Kamal Hossain', 'Kamal Hossain', 'Male', 'Rajshahi', 'Rajshahi', '1800027528', 'Barisal University', 2024, 'Active', 2, NOW(), NOW()),
(346, 1, 'Kamal Rahman', 'Ayesha Ahmed', 'Fatima Islam', 'Female', 'Khulna', 'Khulna', '0054614951', 'BUET', 2023, 'Active', 1, NOW(), NOW()),
(347, 1, 'Karim Alam', 'Ayesha Haque', 'Nargis Ahmed', 'Male', 'Dhaka', 'Dhaka', '8745796259', 'Barisal University', 2022, 'Active', 4, NOW(), NOW()),
(348, 1, 'Hasan Chowdhury', 'Kamal Ahmed', 'Rokeya Rahman', 'Female', 'Sylhet', 'Sylhet', '0281080421', 'Chittagong University', 2023, 'Inactive', 3, NOW(), NOW()),
(349, 1, 'Rafiq Hossain', 'Rupa Miah', 'Jamal Alam', 'Female', 'Chattogram', 'Chattogram', '5952825926', 'Comilla University', 2024, 'Active', 6, NOW(), NOW()),
(350, 1, 'Hasan Ahmed', 'Jamal Uddin', 'Karim Miah', 'Female', 'Rajshahi', 'Rajshahi', '0113969365', 'Dhaka University', 2022, 'Active', 2, NOW(), NOW()),
(351, 1, 'Hasan Islam', 'Hasan Ahmed', 'Hossain Haque', 'Female', 'Bogura', 'Bogura', '9230166694', 'Chittagong University', 2023, 'Active', 10, NOW(), NOW()),
(352, 1, 'Rehana Alam', 'Salam Chowdhury', 'Salma Islam', 'Female', 'Dhaka', 'Dhaka', '2501317430', 'Chittagong University', 2024, 'Inactive', 1, NOW(), NOW()),
(353, 1, 'Abdullah Hossain', 'Jasmine Uddin', 'Shirin Ahmed', 'Male', 'Barisal', 'Barisal', '6609251766', 'Chittagong University', 2024, 'Active', 6, NOW(), NOW()),
(354, 1, 'Jamal Alam', 'Jamal Chowdhury', 'Karim Ahmed', 'Female', 'Rajshahi', 'Rajshahi', '0005356822', 'Khulna University', 2024, 'Active', 8, NOW(), NOW()),
(355, 1, 'Kamal Rahman', 'Kamal Islam', 'Abdullah Alam', 'Male', 'Comilla', 'Comilla', '1558253684', 'Sylhet Agricultural University', 2024, 'Active', 1, NOW(), NOW()),
(356, 1, 'Jamal Alam', 'Kamal Haque', 'Nazrul Alam', 'Female', 'Barisal', 'Barisal', '2411299122', 'National University', 2025, 'Inactive', 5, NOW(), NOW()),
(357, 1, 'Jamal Miah', 'Rehana Uddin', 'Nasrin Uddin', 'Female', 'Rajshahi', 'Rajshahi', '6542690665', 'Chittagong University', 2022, 'Active', 2, NOW(), NOW()),
(358, 1, 'Nasrin Haque', 'Hossain Rahman', 'Rokeya Ahmed', 'Female', 'Rajshahi', 'Rajshahi', '3225250246', 'Chittagong University', 2022, 'Active', 5, NOW(), NOW()),
(359, 1, 'Shirin Islam', 'Jamal Chowdhury', 'Hasan Khan', 'Female', 'Chattogram', 'Chattogram', '7255196023', 'Sylhet Agricultural University', 2025, 'Active', 6, NOW(), NOW()),
(360, 1, 'Kamal Hossain', 'Salma Uddin', 'Salma Khan', 'Female', 'Mymensingh', 'Mymensingh', '5011533894', 'Sylhet Agricultural University', 2024, 'Inactive', 9, NOW(), NOW()),
(361, 1, 'Rokeya Khan', 'Abdullah Hossain', 'Salam Ahmed', 'Female', 'Comilla', 'Comilla', '8505770083', 'Dhaka University', 2024, 'Active', 6, NOW(), NOW()),
(362, 1, 'Hasan Haque', 'Salam Haque', 'Rupa Khan', 'Female', 'Rangpur', 'Rangpur', '7955845031', 'Khulna University', 2023, 'Active', 1, NOW(), NOW()),
(363, 1, 'Fatima Miah', 'Hossain Miah', 'Nazrul Rahman', 'Male', 'Mymensingh', 'Mymensingh', '0787927868', 'Barisal University', 2024, 'Active', 1, NOW(), NOW()),
(364, 1, 'Fatima Ahmed', 'Rehana Khan', 'Rahim Hossain', 'Female', 'Comilla', 'Comilla', '7138419897', 'Jahangirnagar University', 2022, 'Active', 10, NOW(), NOW()),
(365, 1, 'Hasan Haque', 'Fatima Alam', 'Jamal Khan', 'Male', 'Khulna', 'Khulna', '3513233923', 'Sylhet Agricultural University', 2023, 'Inactive', 9, NOW(), NOW()),
(366, 1, 'Rehana Hossain', 'Shirin Miah', 'Hossain Ahmed', 'Male', 'Sylhet', 'Sylhet', '7626795251', 'Rajshahi University', 2024, 'Active', 2, NOW(), NOW()),
(367, 1, 'Salma Islam', 'Rehana Ahmed', 'Nazrul Rahman', 'Male', 'Khulna', 'Khulna', '2253105106', 'Sylhet Agricultural University', 2022, 'Active', 6, NOW(), NOW()),
(368, 1, 'Rafiq Haque', 'Rehana Uddin', 'Rehana Khan', 'Male', 'Khulna', 'Khulna', '1767495461', 'BUET', 2024, 'Active', 1, NOW(), NOW()),
(369, 1, 'Rafiq Uddin', 'Karim Miah', 'Rehana Hossain', 'Female', 'Comilla', 'Comilla', '2016309299', 'Sylhet Agricultural University', 2023, 'Active', 3, NOW(), NOW()),
(370, 1, 'Hasan Alam', 'Hossain Miah', 'Rafiq Haque', 'Female', 'Chattogram', 'Chattogram', '7753893614', 'Sylhet Agricultural University', 2023, 'Inactive', 8, NOW(), NOW()),
(371, 1, 'Hossain Ahmed', 'Jamal Rahman', 'Hasan Haque', 'Female', 'Bogura', 'Bogura', '2971375486', 'Comilla University', 2025, 'Active', 8, NOW(), NOW()),
(372, 1, 'Hasan Chowdhury', 'Karim Chowdhury', 'Rehana Khan', 'Male', 'Bogura', 'Bogura', '8607170564', 'Barisal University', 2022, 'Active', 4, NOW(), NOW()),
(373, 1, 'Hasan Haque', 'Salma Alam', 'Salam Chowdhury', 'Male', 'Mymensingh', 'Mymensingh', '1865504179', 'Dhaka University', 2022, 'Inactive', 5, NOW(), NOW()),
(374, 1, 'Karim Hossain', 'Kamal Miah', 'Nargis Haque', 'Male', 'Rangpur', 'Rangpur', '4320898630', 'Chittagong University', 2022, 'Active', 8, NOW(), NOW()),
(375, 1, 'Rahim Hossain', 'Abdullah Rahman', 'Hossain Ahmed', 'Female', 'Sylhet', 'Sylhet', '9166307312', 'National University', 2024, 'Active', 2, NOW(), NOW()),
(376, 1, 'Abdullah Miah', 'Hossain Alam', 'Karim Haque', 'Female', 'Khulna', 'Khulna', '3047987793', 'National University', 2022, 'Active', 1, NOW(), NOW()),
(377, 1, 'Ayesha Islam', 'Nasrin Hossain', 'Rupa Rahman', 'Male', 'Rangpur', 'Rangpur', '8635790377', 'Khulna University', 2022, 'Active', 1, NOW(), NOW()),
(378, 1, 'Rupa Ahmed', 'Rahim Haque', 'Jamal Rahman', 'Female', 'Bogura', 'Bogura', '5101496253', 'National University', 2024, 'Active', 10, NOW(), NOW()),
(379, 1, 'Nasrin Khan', 'Nazrul Miah', 'Karim Islam', 'Female', 'Comilla', 'Comilla', '5105804156', 'Khulna University', 2023, 'Inactive', 4, NOW(), NOW()),
(380, 1, 'Kamal Ahmed', 'Rokeya Islam', 'Ayesha Chowdhury', 'Female', 'Chattogram', 'Chattogram', '2445456070', 'Jahangirnagar University', 2025, 'Active', 10, NOW(), NOW()),
(381, 1, 'Kamal Hossain', 'Jamal Hossain', 'Rahim Chowdhury', 'Female', 'Chattogram', 'Chattogram', '0163124698', 'Khulna University', 2023, 'Inactive', 9, NOW(), NOW()),
(382, 1, 'Rokeya Alam', 'Hasan Khan', 'Ayesha Hossain', 'Female', 'Rangpur', 'Rangpur', '4771047999', 'Barisal University', 2023, 'Inactive', 3, NOW(), NOW()),
(383, 1, 'Salma Miah', 'Rahim Miah', 'Salam Chowdhury', 'Female', 'Bogura', 'Bogura', '4137318002', 'Barisal University', 2023, 'Active', 6, NOW(), NOW()),
(384, 1, 'Nasrin Hossain', 'Nasrin Uddin', 'Jamal Haque', 'Female', 'Sylhet', 'Sylhet', '6978119452', 'Dhaka University', 2025, 'Active', 10, NOW(), NOW()),
(385, 1, 'Shirin Islam', 'Nargis Chowdhury', 'Fatima Khan', 'Female', 'Khulna', 'Khulna', '1825251828', 'Barisal University', 2023, 'Active', 10, NOW(), NOW()),
(386, 1, 'Ayesha Chowdhury', 'Jamal Rahman', 'Jasmine Haque', 'Female', 'Barisal', 'Barisal', '7123321368', 'Jahangirnagar University', 2024, 'Active', 5, NOW(), NOW()),
(387, 1, 'Rahim Uddin', 'Jasmine Miah', 'Fatima Hossain', 'Female', 'Comilla', 'Comilla', '0441673681', 'Sylhet Agricultural University', 2024, 'Active', 9, NOW(), NOW()),
(388, 1, 'Salam Hossain', 'Kamal Islam', 'Rafiq Ahmed', 'Male', 'Barisal', 'Barisal', '6401537414', 'Barisal University', 2022, 'Active', 9, NOW(), NOW()),
(389, 1, 'Salam Rahman', 'Nargis Rahman', 'Nazrul Khan', 'Male', 'Barisal', 'Barisal', '4916744686', 'Comilla University', 2023, 'Active', 5, NOW(), NOW()),
(390, 1, 'Karim Uddin', 'Rokeya Rahman', 'Rupa Haque', 'Male', 'Dhaka', 'Dhaka', '1222370176', 'Sylhet Agricultural University', 2025, 'Active', 1, NOW(), NOW()),
(391, 1, 'Karim Haque', 'Rokeya Uddin', 'Jamal Rahman', 'Male', 'Dhaka', 'Dhaka', '8055934946', 'Dhaka University', 2023, 'Active', 8, NOW(), NOW()),
(392, 1, 'Nargis Islam', 'Hasan Alam', 'Hasan Islam', 'Female', 'Rangpur', 'Rangpur', '2033724279', 'Sylhet Agricultural University', 2022, 'Active', 9, NOW(), NOW()),
(393, 1, 'Nazrul Khan', 'Shirin Chowdhury', 'Nargis Rahman', 'Male', 'Bogura', 'Bogura', '9776222430', 'Chittagong University', 2025, 'Active', 6, NOW(), NOW()),
(394, 1, 'Rehana Khan', 'Fatima Chowdhury', 'Jasmine Hossain', 'Female', 'Mymensingh', 'Mymensingh', '7085544868', 'Chittagong University', 2023, 'Inactive', 6, NOW(), NOW()),
(395, 1, 'Jamal Uddin', 'Abdullah Alam', 'Jamal Alam', 'Female', 'Rangpur', 'Rangpur', '0291312038', 'Jahangirnagar University', 2024, 'Active', 10, NOW(), NOW()),
(396, 1, 'Nargis Uddin', 'Hossain Miah', 'Nazrul Miah', 'Male', 'Rajshahi', 'Rajshahi', '6472185628', 'BUET', 2022, 'Active', 2, NOW(), NOW()),
(397, 1, 'Hossain Uddin', 'Hasan Uddin', 'Fatima Ahmed', 'Male', 'Dhaka', 'Dhaka', '4605864678', 'National University', 2022, 'Inactive', 1, NOW(), NOW()),
(398, 1, 'Rupa Uddin', 'Shirin Rahman', 'Abdullah Uddin', 'Male', 'Barisal', 'Barisal', '0284161910', 'BUET', 2025, 'Active', 1, NOW(), NOW()),
(399, 1, 'Salam Rahman', 'Rupa Hossain', 'Rupa Alam', 'Male', 'Bogura', 'Bogura', '4076462577', 'Comilla University', 2025, 'Active', 8, NOW(), NOW()),
(400, 1, 'Rupa Hossain', 'Rokeya Miah', 'Hossain Khan', 'Male', 'Chattogram', 'Chattogram', '3357289522', 'Sylhet Agricultural University', 2023, 'Active', 2, NOW(), NOW()),
(401, 1, 'Nargis Ahmed', 'Hasan Hossain', 'Nazrul Islam', 'Female', 'Mymensingh', 'Mymensingh', '0201175508', 'National University', 2025, 'Active', 4, NOW(), NOW()),
(402, 1, 'Nargis Miah', 'Nargis Haque', 'Rokeya Alam', 'Male', 'Dhaka', 'Dhaka', '5842296738', 'Chittagong University', 2023, 'Active', 10, NOW(), NOW()),
(403, 1, 'Shirin Chowdhury', 'Hossain Alam', 'Rafiq Khan', 'Male', 'Khulna', 'Khulna', '8832687764', 'Rajshahi University', 2024, 'Active', 3, NOW(), NOW()),
(404, 1, 'Hossain Rahman', 'Hasan Hossain', 'Hossain Khan', 'Female', 'Barisal', 'Barisal', '5098258848', 'Khulna University', 2023, 'Active', 4, NOW(), NOW()),
(405, 1, 'Rokeya Islam', 'Karim Hossain', 'Abdullah Ahmed', 'Male', 'Comilla', 'Comilla', '4679807026', 'National University', 2022, 'Active', 4, NOW(), NOW()),
(406, 1, 'Fatima Haque', 'Hasan Ahmed', 'Hossain Alam', 'Female', 'Rajshahi', 'Rajshahi', '7384018139', 'BUET', 2024, 'Inactive', 2, NOW(), NOW()),
(407, 1, 'Hossain Miah', 'Jasmine Uddin', 'Rupa Rahman', 'Male', 'Khulna', 'Khulna', '0778822210', 'Comilla University', 2023, 'Active', 4, NOW(), NOW()),
(408, 1, 'Karim Rahman', 'Hasan Islam', 'Salam Khan', 'Female', 'Rangpur', 'Rangpur', '2910876692', 'BUET', 2025, 'Active', 2, NOW(), NOW()),
(409, 1, 'Abdullah Ahmed', 'Fatima Uddin', 'Abdullah Khan', 'Male', 'Comilla', 'Comilla', '9637454236', 'Khulna University', 2022, 'Inactive', 9, NOW(), NOW()),
(410, 1, 'Nasrin Alam', 'Jamal Rahman', 'Karim Khan', 'Male', 'Sylhet', 'Sylhet', '2146362187', 'BUET', 2023, 'Active', 8, NOW(), NOW()),
(411, 1, 'Jamal Alam', 'Ayesha Khan', 'Rahim Hossain', 'Female', 'Bogura', 'Bogura', '3281190756', 'Chittagong University', 2024, 'Active', 3, NOW(), NOW()),
(412, 1, 'Salma Ahmed', 'Rehana Alam', 'Karim Khan', 'Male', 'Comilla', 'Comilla', '3450023329', 'Rajshahi University', 2025, 'Active', 3, NOW(), NOW()),
(413, 1, 'Nargis Khan', 'Jamal Miah', 'Rahim Ahmed', 'Male', 'Khulna', 'Khulna', '5332435557', 'Jahangirnagar University', 2024, 'Active', 5, NOW(), NOW()),
(414, 1, 'Hasan Ahmed', 'Ayesha Chowdhury', 'Abdullah Miah', 'Female', 'Bogura', 'Bogura', '8215957316', 'National University', 2025, 'Active', 5, NOW(), NOW()),
(415, 1, 'Hasan Alam', 'Hasan Alam', 'Rehana Rahman', 'Male', 'Dhaka', 'Dhaka', '3891951700', 'Chittagong University', 2024, 'Active', 7, NOW(), NOW()),
(416, 1, 'Rahim Khan', 'Ayesha Ahmed', 'Hasan Alam', 'Male', 'Bogura', 'Bogura', '2756863749', 'National University', 2022, 'Active', 2, NOW(), NOW()),
(417, 1, 'Nargis Uddin', 'Fatima Miah', 'Kamal Islam', 'Female', 'Sylhet', 'Sylhet', '9065147980', 'Sylhet Agricultural University', 2024, 'Inactive', 3, NOW(), NOW()),
(418, 1, 'Ayesha Miah', 'Hasan Uddin', 'Kamal Khan', 'Female', 'Chattogram', 'Chattogram', '4765065967', 'BUET', 2023, 'Active', 1, NOW(), NOW()),
(419, 1, 'Abdullah Khan', 'Salma Uddin', 'Kamal Islam', 'Male', 'Rajshahi', 'Rajshahi', '1444161442', 'National University', 2023, 'Active', 9, NOW(), NOW()),
(420, 1, 'Nazrul Khan', 'Jasmine Hossain', 'Fatima Hossain', 'Female', 'Bogura', 'Bogura', '8598640481', 'Comilla University', 2022, 'Active', 5, NOW(), NOW()),
(421, 1, 'Rokeya Khan', 'Rokeya Hossain', 'Shirin Ahmed', 'Female', 'Rajshahi', 'Rajshahi', '1618998314', 'Jahangirnagar University', 2022, 'Active', 6, NOW(), NOW()),
(422, 1, 'Rupa Islam', 'Shirin Uddin', 'Kamal Islam', 'Female', 'Barisal', 'Barisal', '9791395359', 'Chittagong University', 2025, 'Active', 1, NOW(), NOW()),
(423, 1, 'Nasrin Alam', 'Rokeya Haque', 'Rupa Miah', 'Female', 'Rajshahi', 'Rajshahi', '1306563313', 'National University', 2022, 'Active', 10, NOW(), NOW()),
(424, 1, 'Rahim Alam', 'Shirin Rahman', 'Rokeya Miah', 'Male', 'Dhaka', 'Dhaka', '0882246947', 'Barisal University', 2023, 'Inactive', 2, NOW(), NOW()),
(425, 1, 'Nasrin Chowdhury', 'Rahim Miah', 'Rupa Uddin', 'Female', 'Rajshahi', 'Rajshahi', '5680353001', 'National University', 2024, 'Active', 5, NOW(), NOW()),
(426, 1, 'Rokeya Ahmed', 'Rokeya Miah', 'Rahim Uddin', 'Female', 'Comilla', 'Comilla', '1620751249', 'Khulna University', 2024, 'Active', 6, NOW(), NOW()),
(427, 1, 'Kamal Ahmed', 'Abdullah Islam', 'Hossain Alam', 'Female', 'Bogura', 'Bogura', '5644539078', 'Dhaka University', 2025, 'Active', 9, NOW(), NOW()),
(428, 1, 'Karim Miah', 'Hossain Haque', 'Nasrin Rahman', 'Female', 'Dhaka', 'Dhaka', '5721629631', 'Dhaka University', 2025, 'Inactive', 10, NOW(), NOW()),
(429, 1, 'Shirin Hossain', 'Jamal Chowdhury', 'Karim Uddin', 'Male', 'Rajshahi', 'Rajshahi', '4072174561', 'BUET', 2023, 'Active', 6, NOW(), NOW()),
(430, 1, 'Nasrin Uddin', 'Rehana Miah', 'Nargis Islam', 'Male', 'Comilla', 'Comilla', '5591421804', 'Dhaka University', 2022, 'Active', 10, NOW(), NOW()),
(431, 1, 'Nasrin Islam', 'Rahim Ahmed', 'Abdullah Miah', 'Female', 'Rajshahi', 'Rajshahi', '4047436123', 'Rajshahi University', 2023, 'Active', 6, NOW(), NOW()),
(432, 1, 'Nargis Chowdhury', 'Kamal Haque', 'Rahim Uddin', 'Female', 'Dhaka', 'Dhaka', '1776415606', 'BUET', 2024, 'Inactive', 4, NOW(), NOW()),
(433, 1, 'Salma Alam', 'Fatima Haque', 'Nazrul Miah', 'Female', 'Comilla', 'Comilla', '8134191008', 'Chittagong University', 2024, 'Active', 2, NOW(), NOW()),
(434, 1, 'Jasmine Khan', 'Jamal Hossain', 'Ayesha Rahman', 'Male', 'Dhaka', 'Dhaka', '1926218371', 'BUET', 2023, 'Active', 7, NOW(), NOW()),
(435, 1, 'Jasmine Alam', 'Nazrul Miah', 'Fatima Uddin', 'Female', 'Rajshahi', 'Rajshahi', '5580607765', 'BUET', 2025, 'Active', 9, NOW(), NOW()),
(436, 1, 'Nasrin Khan', 'Jasmine Islam', 'Rehana Hossain', 'Female', 'Comilla', 'Comilla', '0892655067', 'Rajshahi University', 2022, 'Active', 10, NOW(), NOW()),
(437, 1, 'Salma Alam', 'Hossain Rahman', 'Nazrul Khan', 'Male', 'Khulna', 'Khulna', '5433046524', 'Khulna University', 2022, 'Inactive', 6, NOW(), NOW()),
(438, 1, 'Hasan Chowdhury', 'Fatima Chowdhury', 'Rehana Islam', 'Male', 'Chattogram', 'Chattogram', '5762128669', 'Comilla University', 2024, 'Active', 8, NOW(), NOW()),
(439, 1, 'Abdullah Uddin', 'Salma Uddin', 'Rupa Uddin', 'Female', 'Comilla', 'Comilla', '9713630743', 'Chittagong University', 2022, 'Inactive', 2, NOW(), NOW()),
(440, 1, 'Fatima Khan', 'Jamal Hossain', 'Kamal Ahmed', 'Female', 'Rajshahi', 'Rajshahi', '0984649278', 'Jahangirnagar University', 2022, 'Active', 8, NOW(), NOW()),
(441, 1, 'Nasrin Haque', 'Abdullah Uddin', 'Abdullah Islam', 'Male', 'Comilla', 'Comilla', '7572458255', 'Rajshahi University', 2022, 'Active', 2, NOW(), NOW()),
(442, 1, 'Salam Alam', 'Hossain Ahmed', 'Hossain Hossain', 'Female', 'Chattogram', 'Chattogram', '0099729766', 'Jahangirnagar University', 2024, 'Active', 6, NOW(), NOW()),
(443, 1, 'Hossain Islam', 'Karim Ahmed', 'Rehana Miah', 'Female', 'Chattogram', 'Chattogram', '6595912880', 'Khulna University', 2025, 'Active', 10, NOW(), NOW()),
(444, 1, 'Rupa Hossain', 'Fatima Islam', 'Salam Alam', 'Female', 'Rangpur', 'Rangpur', '4628330824', 'Rajshahi University', 2023, 'Active', 2, NOW(), NOW()),
(445, 1, 'Nasrin Islam', 'Karim Miah', 'Nasrin Uddin', 'Male', 'Comilla', 'Comilla', '9177597179', 'National University', 2025, 'Inactive', 10, NOW(), NOW()),
(446, 1, 'Salma Haque', 'Salam Rahman', 'Jamal Rahman', 'Male', 'Rajshahi', 'Rajshahi', '1167777840', 'National University', 2023, 'Active', 8, NOW(), NOW()),
(447, 1, 'Fatima Islam', 'Jasmine Khan', 'Kamal Ahmed', 'Female', 'Dhaka', 'Dhaka', '9396620742', 'Dhaka University', 2023, 'Active', 4, NOW(), NOW()),
(448, 1, 'Jasmine Uddin', 'Nargis Rahman', 'Jasmine Miah', 'Male', 'Rajshahi', 'Rajshahi', '2787928925', 'Rajshahi University', 2025, 'Active', 4, NOW(), NOW()),
(449, 1, 'Kamal Chowdhury', 'Rahim Rahman', 'Rahim Alam', 'Male', 'Dhaka', 'Dhaka', '7870521337', 'Dhaka University', 2024, 'Active', 6, NOW(), NOW()),
(450, 1, 'Rehana Chowdhury', 'Karim Hossain', 'Rokeya Hossain', 'Male', 'Rajshahi', 'Rajshahi', '5760373477', 'Khulna University', 2025, 'Inactive', 3, NOW(), NOW()),
(451, 1, 'Karim Khan', 'Abdullah Hossain', 'Salma Alam', 'Male', 'Khulna', 'Khulna', '5831916274', 'BUET', 2025, 'Inactive', 3, NOW(), NOW()),
(452, 1, 'Rahim Alam', 'Abdullah Islam', 'Kamal Hossain', 'Female', 'Comilla', 'Comilla', '6358380540', 'Khulna University', 2024, 'Active', 6, NOW(), NOW()),
(453, 1, 'Jamal Chowdhury', 'Rafiq Ahmed', 'Karim Islam', 'Female', 'Bogura', 'Bogura', '5557084351', 'Jahangirnagar University', 2022, 'Active', 8, NOW(), NOW()),
(454, 1, 'Hossain Rahman', 'Nasrin Islam', 'Nargis Ahmed', 'Female', 'Bogura', 'Bogura', '7209536476', 'Jahangirnagar University', 2023, 'Active', 6, NOW(), NOW()),
(455, 1, 'Jasmine Haque', 'Ayesha Rahman', 'Rahim Uddin', 'Male', 'Khulna', 'Khulna', '7914418211', 'Comilla University', 2024, 'Inactive', 3, NOW(), NOW()),
(456, 1, 'Rokeya Haque', 'Salam Miah', 'Rafiq Haque', 'Female', 'Sylhet', 'Sylhet', '5947892853', 'Comilla University', 2024, 'Active', 5, NOW(), NOW()),
(457, 1, 'Fatima Miah', 'Jasmine Uddin', 'Rafiq Ahmed', 'Male', 'Khulna', 'Khulna', '0487650647', 'Barisal University', 2022, 'Active', 1, NOW(), NOW()),
(458, 1, 'Rokeya Chowdhury', 'Hossain Hossain', 'Fatima Rahman', 'Male', 'Rajshahi', 'Rajshahi', '7687844282', 'Barisal University', 2025, 'Active', 10, NOW(), NOW()),
(459, 1, 'Salam Chowdhury', 'Rupa Islam', 'Rokeya Chowdhury', 'Female', 'Barisal', 'Barisal', '3507886127', 'Chittagong University', 2025, 'Active', 1, NOW(), NOW()),
(460, 1, 'Nazrul Alam', 'Hasan Rahman', 'Ayesha Islam', 'Male', 'Khulna', 'Khulna', '2947200382', 'National University', 2023, 'Inactive', 5, NOW(), NOW()),
(461, 1, 'Rahim Haque', 'Nargis Miah', 'Salma Ahmed', 'Female', 'Rajshahi', 'Rajshahi', '3681623937', 'Dhaka University', 2024, 'Active', 1, NOW(), NOW()),
(462, 1, 'Jamal Chowdhury', 'Rahim Chowdhury', 'Nasrin Islam', 'Male', 'Rangpur', 'Rangpur', '8252772416', 'Comilla University', 2024, 'Active', 6, NOW(), NOW()),
(463, 1, 'Nargis Uddin', 'Abdullah Chowdhury', 'Nargis Alam', 'Male', 'Sylhet', 'Sylhet', '2057464865', 'Khulna University', 2024, 'Active', 1, NOW(), NOW()),
(464, 1, 'Nargis Islam', 'Nazrul Khan', 'Hasan Khan', 'Female', 'Dhaka', 'Dhaka', '2958216057', 'Comilla University', 2024, 'Active', 9, NOW(), NOW()),
(465, 1, 'Jamal Haque', 'Nasrin Alam', 'Rahim Haque', 'Female', 'Rangpur', 'Rangpur', '4283949400', 'Barisal University', 2024, 'Active', 2, NOW(), NOW()),
(466, 1, 'Shirin Rahman', 'Rehana Uddin', 'Rupa Hossain', 'Female', 'Sylhet', 'Sylhet', '1891582107', 'Rajshahi University', 2024, 'Active', 4, NOW(), NOW()),
(467, 1, 'Hasan Hossain', 'Karim Miah', 'Rehana Islam', 'Female', 'Rangpur', 'Rangpur', '5173349268', 'Jahangirnagar University', 2024, 'Active', 1, NOW(), NOW()),
(468, 1, 'Jamal Uddin', 'Rokeya Hossain', 'Rehana Rahman', 'Female', 'Chattogram', 'Chattogram', '6210067793', 'National University', 2023, 'Active', 4, NOW(), NOW()),
(469, 1, 'Nazrul Ahmed', 'Rahim Hossain', 'Salma Rahman', 'Female', 'Khulna', 'Khulna', '1542987180', 'BUET', 2023, 'Inactive', 5, NOW(), NOW()),
(470, 1, 'Hasan Haque', 'Nargis Uddin', 'Salma Uddin', 'Male', 'Sylhet', 'Sylhet', '4294239176', 'Chittagong University', 2025, 'Active', 10, NOW(), NOW()),
(471, 1, 'Kamal Chowdhury', 'Salam Haque', 'Jasmine Alam', 'Female', 'Mymensingh', 'Mymensingh', '4828449790', 'Sylhet Agricultural University', 2023, 'Active', 8, NOW(), NOW()),
(472, 1, 'Rupa Rahman', 'Rupa Miah', 'Abdullah Miah', 'Female', 'Chattogram', 'Chattogram', '6852174487', 'Chittagong University', 2025, 'Active', 4, NOW(), NOW()),
(473, 1, 'Karim Haque', 'Abdullah Uddin', 'Karim Rahman', 'Female', 'Khulna', 'Khulna', '5590946630', 'Khulna University', 2025, 'Active', 7, NOW(), NOW()),
(474, 1, 'Jamal Miah', 'Rehana Islam', 'Jasmine Khan', 'Male', 'Chattogram', 'Chattogram', '4702373347', 'National University', 2024, 'Inactive', 3, NOW(), NOW()),
(475, 1, 'Rokeya Haque', 'Hasan Rahman', 'Jamal Khan', 'Female', 'Sylhet', 'Sylhet', '1583492200', 'BUET', 2024, 'Active', 2, NOW(), NOW()),
(476, 1, 'Kamal Islam', 'Fatima Rahman', 'Hasan Ahmed', 'Female', 'Rajshahi', 'Rajshahi', '2397206462', 'National University', 2025, 'Active', 9, NOW(), NOW()),
(477, 1, 'Rafiq Islam', 'Rupa Haque', 'Salam Haque', 'Female', 'Dhaka', 'Dhaka', '4916149213', 'National University', 2024, 'Active', 10, NOW(), NOW()),
(478, 1, 'Hasan Haque', 'Jamal Alam', 'Rafiq Uddin', 'Male', 'Sylhet', 'Sylhet', '3999860637', 'Khulna University', 2025, 'Active', 8, NOW(), NOW()),
(479, 1, 'Nazrul Miah', 'Nargis Ahmed', 'Nazrul Ahmed', 'Female', 'Sylhet', 'Sylhet', '6205657697', 'Dhaka University', 2023, 'Active', 7, NOW(), NOW()),
(480, 1, 'Ayesha Chowdhury', 'Rahim Alam', 'Nasrin Uddin', 'Female', 'Barisal', 'Barisal', '4131767907', 'Khulna University', 2022, 'Active', 4, NOW(), NOW()),
(481, 1, 'Rupa Alam', 'Hossain Miah', 'Salma Hossain', 'Female', 'Sylhet', 'Sylhet', '8274659154', 'Jahangirnagar University', 2022, 'Active', 2, NOW(), NOW()),
(482, 1, 'Shirin Uddin', 'Ayesha Miah', 'Hossain Hossain', 'Male', 'Comilla', 'Comilla', '7459988449', 'Khulna University', 2024, 'Active', 1, NOW(), NOW()),
(483, 1, 'Hossain Miah', 'Nazrul Rahman', 'Nazrul Rahman', 'Female', 'Mymensingh', 'Mymensingh', '9959772467', 'Comilla University', 2024, 'Active', 2, NOW(), NOW()),
(484, 1, 'Rehana Khan', 'Rokeya Hossain', 'Jamal Hossain', 'Female', 'Rangpur', 'Rangpur', '5741297614', 'Comilla University', 2025, 'Active', 10, NOW(), NOW()),
(485, 1, 'Hasan Alam', 'Rafiq Ahmed', 'Shirin Khan', 'Male', 'Barisal', 'Barisal', '3828203111', 'National University', 2025, 'Inactive', 7, NOW(), NOW()),
(486, 1, 'Salam Khan', 'Hasan Haque', 'Nargis Ahmed', 'Female', 'Comilla', 'Comilla', '3388894565', 'BUET', 2025, 'Active', 1, NOW(), NOW()),
(487, 1, 'Rokeya Miah', 'Hossain Alam', 'Salam Ahmed', 'Male', 'Sylhet', 'Sylhet', '8041386514', 'Dhaka University', 2022, 'Active', 10, NOW(), NOW()),
(488, 1, 'Karim Khan', 'Karim Miah', 'Jamal Islam', 'Female', 'Bogura', 'Bogura', '6025606117', 'BUET', 2025, 'Active', 4, NOW(), NOW()),
(489, 1, 'Kamal Islam', 'Jamal Alam', 'Nasrin Khan', 'Female', 'Bogura', 'Bogura', '8785174279', 'BUET', 2022, 'Active', 2, NOW(), NOW()),
(490, 1, 'Hossain Chowdhury', 'Kamal Uddin', 'Ayesha Rahman', 'Female', 'Mymensingh', 'Mymensingh', '1955887599', 'Barisal University', 2022, 'Active', 8, NOW(), NOW()),
(491, 1, 'Nargis Hossain', 'Rafiq Uddin', 'Rafiq Alam', 'Male', 'Mymensingh', 'Mymensingh', '5593607755', 'Chittagong University', 2024, 'Inactive', 6, NOW(), NOW()),
(492, 1, 'Hossain Miah', 'Rehana Islam', 'Karim Miah', 'Male', 'Barisal', 'Barisal', '4583361418', 'Jahangirnagar University', 2023, 'Active', 7, NOW(), NOW()),
(493, 1, 'Abdullah Ahmed', 'Ayesha Ahmed', 'Kamal Miah', 'Female', 'Rangpur', 'Rangpur', '4936497838', 'National University', 2023, 'Inactive', 5, NOW(), NOW()),
(494, 1, 'Rehana Alam', 'Ayesha Rahman', 'Nasrin Rahman', 'Male', 'Sylhet', 'Sylhet', '2251965258', 'Dhaka University', 2025, 'Active', 10, NOW(), NOW()),
(495, 1, 'Rokeya Haque', 'Hasan Rahman', 'Rokeya Khan', 'Male', 'Rajshahi', 'Rajshahi', '7089640257', 'Rajshahi University', 2022, 'Active', 2, NOW(), NOW()),
(496, 1, 'Nazrul Islam', 'Rehana Miah', 'Ayesha Rahman', 'Female', 'Khulna', 'Khulna', '7285595826', 'Dhaka University', 2023, 'Active', 10, NOW(), NOW()),
(497, 1, 'Nasrin Uddin', 'Hossain Ahmed', 'Jamal Uddin', 'Female', 'Mymensingh', 'Mymensingh', '5065759684', 'Barisal University', 2024, 'Active', 2, NOW(), NOW()),
(498, 1, 'Kamal Uddin', 'Nargis Alam', 'Rupa Ahmed', 'Male', 'Mymensingh', 'Mymensingh', '0671070671', 'Sylhet Agricultural University', 2023, 'Active', 9, NOW(), NOW()),
(499, 1, 'Nargis Alam', 'Rahim Chowdhury', 'Rafiq Haque', 'Female', 'Mymensingh', 'Mymensingh', '0413082219', 'Sylhet Agricultural University', 2024, 'Active', 9, NOW(), NOW()),
(500, 1, 'Nargis Miah', 'Hasan Hossain', 'Shirin Uddin', 'Female', 'Chattogram', 'Chattogram', '5857958297', 'National University', 2024, 'Active', 6, NOW(), NOW()),
(501, 1, 'Rokeya Uddin', 'Fatima Rahman', 'Jamal Islam', 'Female', 'Barisal', 'Barisal', '6680283528', 'Comilla University', 2025, 'Active', 9, NOW(), NOW());

INSERT INTO `donations` (`id`,`student_id`,`date`,`amount`,`mode_of_payment`,`bank_name`,`check_no`,`created_at`,`updated_at`) VALUES
(4, 252, '2025-08-06', 1000.00, 'cash', NULL, NULL, NOW(), NOW()),
(5, 40, '2025-05-21', 750.00, 'cash', NULL, NULL, NOW(), NOW()),
(6, 99, '2025-01-13', 2000.00, 'cash', NULL, NULL, NOW(), NOW()),
(7, 489, '2025-11-04', 300.00, 'bank', 'Islami Bank Ltd.', '889596378', NOW(), NOW()),
(8, 428, '2025-10-19', 300.00, 'cash', NULL, NULL, NOW(), NOW()),
(9, 194, '2025-06-15', 300.00, 'bank', 'Sonali Bank', '699599390', NOW(), NOW()),
(10, 377, '2025-11-11', 1500.00, 'cash', NULL, NULL, NOW(), NOW()),
(11, 144, '2025-10-24', 200.00, 'bank', 'Sonali Bank', '951181589', NOW(), NOW()),
(12, 303, '2025-04-28', 500.00, 'bank', 'Islami Bank Ltd.', '875622145', NOW(), NOW()),
(13, 365, '2025-03-11', 300.00, 'bank', 'BRAC Bank', '176852002', NOW(), NOW()),
(14, 424, '2025-09-17', 200.00, 'bank', 'Dutch Bangla Bank', '892088709', NOW(), NOW()),
(15, 460, '2025-02-03', 300.00, 'bank', 'Sonali Bank', '617306112', NOW(), NOW()),
(16, 492, '2025-06-22', 300.00, 'bank', 'Sonali Bank', '398396338', NOW(), NOW()),
(17, 110, '2025-04-22', 2000.00, 'cash', NULL, NULL, NOW(), NOW()),
(18, 253, '2025-12-06', 2000.00, 'bank', 'Pubali Bank', '713886900', NOW(), NOW()),
(19, 251, '2025-05-03', 1500.00, 'bank', 'Dutch Bangla Bank', '633488274', NOW(), NOW()),
(20, 67, '2025-09-11', 750.00, 'bank', 'Dutch Bangla Bank', '351374124', NOW(), NOW()),
(21, 382, '2025-07-07', 200.00, 'bank', 'Islami Bank Ltd.', '235631686', NOW(), NOW()),
(22, 224, '2025-12-15', 2000.00, 'cash', NULL, NULL, NOW(), NOW()),
(23, 315, '2025-11-08', 2000.00, 'bank', 'Pubali Bank', '947530184', NOW(), NOW()),
(24, 501, '2025-11-01', 200.00, 'cash', NULL, NULL, NOW(), NOW()),
(25, 227, '2025-06-24', 300.00, 'bank', 'City Bank', '196590889', NOW(), NOW()),
(26, 70, '2025-01-13', 1500.00, 'cash', NULL, NULL, NOW(), NOW()),
(27, 463, '2025-02-15', 750.00, 'cash', NULL, NULL, NOW(), NOW()),
(28, 286, '2025-03-22', 1500.00, 'cash', NULL, NULL, NOW(), NOW()),
(29, 387, '2025-04-20', 750.00, 'bank', 'Dutch Bangla Bank', '375273004', NOW(), NOW()),
(30, 338, '2025-04-11', 300.00, 'cash', NULL, NULL, NOW(), NOW()),
(31, 308, '2025-10-21', 1000.00, 'bank', 'Islami Bank Ltd.', '999459082', NOW(), NOW()),
(32, 410, '2025-12-13', 1000.00, 'bank', 'Sonali Bank', '769167738', NOW(), NOW()),
(33, 6, '2025-04-26', 1000.00, 'bank', 'Sonali Bank', '400378616', NOW(), NOW()),
(34, 60, '2025-09-28', 200.00, 'bank', 'BRAC Bank', '926587745', NOW(), NOW()),
(35, 252, '2025-02-01', 200.00, 'bank', 'BRAC Bank', '107237651', NOW(), NOW()),
(36, 249, '2025-09-26', 1000.00, 'cash', NULL, NULL, NOW(), NOW()),
(37, 107, '2025-09-11', 750.00, 'cash', NULL, NULL, NOW(), NOW()),
(38, 264, '2025-11-02', 2000.00, 'cash', NULL, NULL, NOW(), NOW()),
(39, 172, '2025-12-21', 300.00, 'cash', NULL, NULL, NOW(), NOW()),
(40, 344, '2025-07-15', 500.00, 'bank', 'BRAC Bank', '080664106', NOW(), NOW()),
(41, 471, '2025-02-13', 1000.00, 'bank', 'Dutch Bangla Bank', '612448706', NOW(), NOW()),
(42, 278, '2025-07-09', 750.00, 'cash', NULL, NULL, NOW(), NOW()),
(43, 361, '2025-02-10', 750.00, 'bank', 'Pubali Bank', '633119757', NOW(), NOW()),
(44, 421, '2025-01-26', 750.00, 'cash', NULL, NULL, NOW(), NOW()),
(45, 262, '2025-05-12', 200.00, 'cash', NULL, NULL, NOW(), NOW()),
(46, 163, '2025-05-07', 1000.00, 'cash', NULL, NULL, NOW(), NOW()),
(47, 209, '2025-10-10', 1500.00, 'bank', 'BRAC Bank', '154922487', NOW(), NOW()),
(48, 297, '2025-12-18', 300.00, 'bank', 'City Bank', '355026962', NOW(), NOW()),
(49, 29, '2025-04-26', 500.00, 'cash', NULL, NULL, NOW(), NOW()),
(50, 433, '2025-09-25', 2000.00, 'cash', NULL, NULL, NOW(), NOW()),
(51, 136, '2025-12-12', 500.00, 'bank', 'Pubali Bank', '550927984', NOW(), NOW()),
(52, 118, '2025-06-20', 750.00, 'bank', 'Sonali Bank', '408806410', NOW(), NOW()),
(53, 395, '2025-03-26', 750.00, 'cash', NULL, NULL, NOW(), NOW()),
(54, 434, '2025-03-16', 200.00, 'bank', 'Islami Bank Ltd.', '888654026', NOW(), NOW()),
(55, 499, '2025-07-22', 1000.00, 'cash', NULL, NULL, NOW(), NOW()),
(56, 375, '2025-10-15', 2000.00, 'cash', NULL, NULL, NOW(), NOW()),
(57, 33, '2025-12-20', 300.00, 'bank', 'BRAC Bank', '555738881', NOW(), NOW()),
(58, 283, '2025-04-08', 200.00, 'bank', 'City Bank', '839150856', NOW(), NOW()),
(59, 330, '2025-06-15', 300.00, 'cash', NULL, NULL, NOW(), NOW()),
(60, 174, '2025-03-06', 750.00, 'bank', 'Sonali Bank', '087065148', NOW(), NOW()),
(61, 223, '2025-07-11', 500.00, 'bank', 'BRAC Bank', '089511660', NOW(), NOW()),
(62, 323, '2025-02-12', 200.00, 'cash', NULL, NULL, NOW(), NOW()),
(63, 291, '2025-11-19', 500.00, 'bank', 'BRAC Bank', '179239140', NOW(), NOW()),
(64, 407, '2025-08-07', 1500.00, 'bank', 'BRAC Bank', '165845552', NOW(), NOW()),
(65, 327, '2025-06-05', 1000.00, 'cash', NULL, NULL, NOW(), NOW()),
(66, 250, '2025-06-16', 1500.00, 'bank', 'BRAC Bank', '137358613', NOW(), NOW()),
(67, 129, '2025-08-17', 2000.00, 'cash', NULL, NULL, NOW(), NOW()),
(68, 82, '2025-09-19', 500.00, 'bank', 'Sonali Bank', '431965118', NOW(), NOW()),
(69, 239, '2025-05-02', 200.00, 'bank', 'Dutch Bangla Bank', '513985667', NOW(), NOW()),
(70, 425, '2025-08-08', 750.00, 'cash', NULL, NULL, NOW(), NOW()),
(71, 56, '2025-10-03', 750.00, 'bank', 'City Bank', '134296545', NOW(), NOW()),
(72, 435, '2025-02-24', 1500.00, 'bank', 'Islami Bank Ltd.', '368932999', NOW(), NOW()),
(73, 118, '2025-09-17', 1000.00, 'bank', 'Islami Bank Ltd.', '085228269', NOW(), NOW()),
(74, 466, '2025-02-16', 300.00, 'cash', NULL, NULL, NOW(), NOW()),
(75, 243, '2025-08-08', 1000.00, 'cash', NULL, NULL, NOW(), NOW()),
(76, 406, '2025-05-20', 2000.00, 'cash', NULL, NULL, NOW(), NOW()),
(77, 111, '2025-09-27', 1000.00, 'bank', 'Dutch Bangla Bank', '188985675', NOW(), NOW()),
(78, 122, '2025-07-08', 500.00, 'bank', 'Dutch Bangla Bank', '609832016', NOW(), NOW()),
(79, 207, '2025-09-01', 1000.00, 'bank', 'BRAC Bank', '966675485', NOW(), NOW()),
(80, 335, '2025-04-06', 1000.00, 'cash', NULL, NULL, NOW(), NOW()),
(81, 302, '2025-08-22', 500.00, 'bank', 'Pubali Bank', '955097369', NOW(), NOW()),
(82, 317, '2025-02-15', 1000.00, 'bank', 'City Bank', '322911663', NOW(), NOW()),
(83, 347, '2025-10-19', 2000.00, 'bank', 'Sonali Bank', '996374708', NOW(), NOW()),
(84, 94, '2025-06-09', 300.00, 'cash', NULL, NULL, NOW(), NOW()),
(85, 432, '2025-06-15', 300.00, 'cash', NULL, NULL, NOW(), NOW()),
(86, 140, '2025-09-16', 1000.00, 'bank', 'City Bank', '820922074', NOW(), NOW()),
(87, 175, '2025-03-03', 300.00, 'cash', NULL, NULL, NOW(), NOW()),
(88, 364, '2025-05-11', 200.00, 'bank', 'Sonali Bank', '044176861', NOW(), NOW()),
(89, 49, '2025-03-27', 750.00, 'cash', NULL, NULL, NOW(), NOW()),
(90, 267, '2025-11-22', 200.00, 'bank', 'BRAC Bank', '387189509', NOW(), NOW()),
(91, 226, '2025-10-25', 500.00, 'cash', NULL, NULL, NOW(), NOW()),
(92, 279, '2025-11-17', 500.00, 'cash', NULL, NULL, NOW(), NOW()),
(93, 47, '2025-07-22', 2000.00, 'bank', 'Sonali Bank', '349349399', NOW(), NOW()),
(94, 331, '2025-07-08', 2000.00, 'bank', 'Sonali Bank', '232281036', NOW(), NOW()),
(95, 194, '2025-07-08', 2000.00, 'cash', NULL, NULL, NOW(), NOW()),
(96, 192, '2025-10-01', 2000.00, 'bank', 'BRAC Bank', '687265313', NOW(), NOW()),
(97, 334, '2025-12-01', 750.00, 'cash', NULL, NULL, NOW(), NOW()),
(98, 261, '2025-09-10', 1000.00, 'bank', 'Pubali Bank', '183576476', NOW(), NOW()),
(99, 265, '2025-08-08', 1000.00, 'cash', NULL, NULL, NOW(), NOW()),
(100, 471, '2025-12-04', 2000.00, 'bank', 'Sonali Bank', '496825838', NOW(), NOW()),
(101, 338, '2025-05-28', 1500.00, 'cash', NULL, NULL, NOW(), NOW()),
(102, 216, '2025-09-14', 1000.00, 'bank', 'BRAC Bank', '904052885', NOW(), NOW()),
(103, 118, '2025-02-15', 1000.00, 'cash', NULL, NULL, NOW(), NOW()),
(104, 424, '2025-11-24', 200.00, 'bank', 'Dutch Bangla Bank', '663586907', NOW(), NOW()),
(105, 230, '2025-08-04', 1500.00, 'cash', NULL, NULL, NOW(), NOW()),
(106, 144, '2025-05-13', 300.00, 'bank', 'Sonali Bank', '947641772', NOW(), NOW()),
(107, 160, '2025-01-07', 200.00, 'cash', NULL, NULL, NOW(), NOW()),
(108, 226, '2025-04-19', 750.00, 'cash', NULL, NULL, NOW(), NOW()),
(109, 53, '2025-07-27', 2000.00, 'bank', 'Dutch Bangla Bank', '967206503', NOW(), NOW()),
(110, 100, '2025-01-04', 1500.00, 'cash', NULL, NULL, NOW(), NOW()),
(111, 462, '2025-02-07', 500.00, 'bank', 'BRAC Bank', '537746630', NOW(), NOW()),
(112, 130, '2025-09-15', 1000.00, 'bank', 'Sonali Bank', '751279869', NOW(), NOW()),
(113, 139, '2025-07-02', 200.00, 'cash', NULL, NULL, NOW(), NOW()),
(114, 15, '2025-02-15', 500.00, 'bank', 'Sonali Bank', '191817565', NOW(), NOW()),
(115, 353, '2025-09-22', 1500.00, 'cash', NULL, NULL, NOW(), NOW()),
(116, 383, '2025-08-22', 750.00, 'bank', 'Sonali Bank', '197591516', NOW(), NOW()),
(117, 186, '2025-07-24', 2000.00, 'cash', NULL, NULL, NOW(), NOW()),
(118, 459, '2025-12-25', 500.00, 'bank', 'City Bank', '866765660', NOW(), NOW()),
(119, 321, '2025-07-19', 2000.00, 'cash', NULL, NULL, NOW(), NOW()),
(120, 354, '2025-12-12', 2000.00, 'cash', NULL, NULL, NOW(), NOW()),
(121, 328, '2025-02-09', 500.00, 'cash', NULL, NULL, NOW(), NOW()),
(122, 386, '2025-09-01', 1000.00, 'cash', NULL, NULL, NOW(), NOW()),
(123, 422, '2025-02-01', 200.00, 'bank', 'Islami Bank Ltd.', '046224078', NOW(), NOW()),
(124, 362, '2025-11-05', 2000.00, 'bank', 'Dutch Bangla Bank', '435957340', NOW(), NOW()),
(125, 92, '2025-01-09', 500.00, 'bank', 'Dutch Bangla Bank', '269156156', NOW(), NOW()),
(126, 231, '2025-11-13', 750.00, 'bank', 'Dutch Bangla Bank', '507022638', NOW(), NOW()),
(127, 395, '2025-03-16', 750.00, 'cash', NULL, NULL, NOW(), NOW()),
(128, 118, '2025-12-08', 1000.00, 'cash', NULL, NULL, NOW(), NOW()),
(129, 130, '2025-07-18', 300.00, 'cash', NULL, NULL, NOW(), NOW()),
(130, 300, '2025-12-20', 500.00, 'bank', 'BRAC Bank', '611803882', NOW(), NOW()),
(131, 264, '2025-05-24', 200.00, 'bank', 'Pubali Bank', '509942311', NOW(), NOW()),
(132, 146, '2025-06-14', 500.00, 'bank', 'Dutch Bangla Bank', '031722471', NOW(), NOW()),
(133, 384, '2025-05-21', 300.00, 'cash', NULL, NULL, NOW(), NOW()),
(134, 263, '2025-11-12', 2000.00, 'bank', 'Islami Bank Ltd.', '607527850', NOW(), NOW()),
(135, 154, '2025-08-05', 2000.00, 'cash', NULL, NULL, NOW(), NOW()),
(136, 138, '2025-04-21', 750.00, 'cash', NULL, NULL, NOW(), NOW()),
(137, 379, '2025-08-27', 2000.00, 'cash', NULL, NULL, NOW(), NOW()),
(138, 57, '2025-05-14', 200.00, 'bank', 'Pubali Bank', '863151835', NOW(), NOW()),
(139, 41, '2025-08-17', 2000.00, 'bank', 'BRAC Bank', '240328046', NOW(), NOW()),
(140, 408, '2025-08-12', 200.00, 'cash', NULL, NULL, NOW(), NOW()),
(141, 51, '2025-10-28', 750.00, 'bank', 'Sonali Bank', '295713583', NOW(), NOW()),
(142, 489, '2025-12-03', 500.00, 'cash', NULL, NULL, NOW(), NOW()),
(143, 262, '2025-06-17', 1500.00, 'cash', NULL, NULL, NOW(), NOW()),
(144, 340, '2025-06-10', 2000.00, 'bank', 'BRAC Bank', '792336748', NOW(), NOW()),
(145, 376, '2025-10-14', 1000.00, 'bank', 'City Bank', '519266220', NOW(), NOW()),
(146, 180, '2025-07-05', 1500.00, 'cash', NULL, NULL, NOW(), NOW()),
(147, 296, '2025-08-09', 750.00, 'bank', 'Dutch Bangla Bank', '587118840', NOW(), NOW()),
(148, 116, '2025-12-25', 200.00, 'bank', 'BRAC Bank', '842233533', NOW(), NOW()),
(149, 411, '2025-10-03', 300.00, 'cash', NULL, NULL, NOW(), NOW()),
(150, 57, '2025-01-08', 300.00, 'cash', NULL, NULL, NOW(), NOW()),
(151, 32, '2025-11-18', 1000.00, 'cash', NULL, NULL, NOW(), NOW()),
(152, 421, '2025-01-06', 200.00, 'bank', 'Islami Bank Ltd.', '786119698', NOW(), NOW()),
(153, 350, '2025-09-15', 300.00, 'bank', 'BRAC Bank', '020131248', NOW(), NOW()),
(154, 175, '2025-01-18', 200.00, 'cash', NULL, NULL, NOW(), NOW()),
(155, 455, '2025-07-14', 300.00, 'cash', NULL, NULL, NOW(), NOW()),
(156, 109, '2025-10-25', 500.00, 'cash', NULL, NULL, NOW(), NOW()),
(157, 143, '2025-06-22', 1000.00, 'bank', 'Islami Bank Ltd.', '203522904', NOW(), NOW()),
(158, 91, '2025-04-02', 2000.00, 'bank', 'Pubali Bank', '027709105', NOW(), NOW()),
(159, 14, '2025-10-14', 300.00, 'bank', 'Dutch Bangla Bank', '000708302', NOW(), NOW()),
(160, 479, '2025-10-16', 300.00, 'cash', NULL, NULL, NOW(), NOW()),
(161, 294, '2025-02-23', 2000.00, 'cash', NULL, NULL, NOW(), NOW()),
(162, 331, '2025-11-07', 2000.00, 'bank', 'Sonali Bank', '215397842', NOW(), NOW()),
(163, 132, '2025-03-06', 1500.00, 'bank', 'Pubali Bank', '883012598', NOW(), NOW()),
(164, 457, '2025-11-18', 500.00, 'cash', NULL, NULL, NOW(), NOW()),
(165, 131, '2025-02-10', 200.00, 'bank', 'Pubali Bank', '194485890', NOW(), NOW()),
(166, 394, '2025-11-23', 200.00, 'bank', 'Sonali Bank', '518226293', NOW(), NOW()),
(167, 376, '2025-02-24', 1500.00, 'bank', 'BRAC Bank', '137846273', NOW(), NOW()),
(168, 243, '2025-08-08', 1500.00, 'cash', NULL, NULL, NOW(), NOW()),
(169, 2, '2025-07-19', 500.00, 'cash', NULL, NULL, NOW(), NOW()),
(170, 74, '2025-05-25', 300.00, 'bank', 'Sonali Bank', '962333494', NOW(), NOW()),
(171, 413, '2025-07-02', 200.00, 'bank', 'Dutch Bangla Bank', '701597571', NOW(), NOW()),
(172, 432, '2025-10-21', 200.00, 'bank', 'Islami Bank Ltd.', '908945350', NOW(), NOW()),
(173, 116, '2025-11-26', 1500.00, 'bank', 'BRAC Bank', '975520853', NOW(), NOW()),
(174, 194, '2025-01-14', 500.00, 'bank', 'City Bank', '622227530', NOW(), NOW()),
(175, 137, '2025-12-15', 1000.00, 'bank', 'Islami Bank Ltd.', '829706299', NOW(), NOW()),
(176, 7, '2025-07-06', 500.00, 'cash', NULL, NULL, NOW(), NOW()),
(177, 298, '2025-12-24', 500.00, 'bank', 'City Bank', '623046316', NOW(), NOW()),
(178, 255, '2025-02-08', 500.00, 'bank', 'Dutch Bangla Bank', '847440538', NOW(), NOW()),
(179, 1, '2025-10-19', 300.00, 'bank', 'Islami Bank Ltd.', '374373171', NOW(), NOW()),
(180, 383, '2025-02-05', 1500.00, 'cash', NULL, NULL, NOW(), NOW()),
(181, 435, '2025-01-04', 200.00, 'bank', 'Dutch Bangla Bank', '339040297', NOW(), NOW()),
(182, 130, '2025-11-06', 2000.00, 'cash', NULL, NULL, NOW(), NOW()),
(183, 41, '2025-02-18', 300.00, 'bank', 'Pubali Bank', '459659646', NOW(), NOW()),
(184, 270, '2025-01-12', 2000.00, 'cash', NULL, NULL, NOW(), NOW()),
(185, 50, '2025-10-15', 500.00, 'bank', 'BRAC Bank', '883442739', NOW(), NOW()),
(186, 209, '2025-08-04', 1500.00, 'cash', NULL, NULL, NOW(), NOW()),
(187, 51, '2025-11-21', 200.00, 'cash', NULL, NULL, NOW(), NOW()),
(188, 35, '2025-05-24', 300.00, 'cash', NULL, NULL, NOW(), NOW()),
(189, 233, '2025-04-12', 750.00, 'cash', NULL, NULL, NOW(), NOW()),
(190, 307, '2025-11-12', 1000.00, 'bank', 'City Bank', '715792655', NOW(), NOW()),
(191, 75, '2025-05-15', 1000.00, 'bank', 'Pubali Bank', '405824965', NOW(), NOW()),
(192, 203, '2025-02-23', 2000.00, 'bank', 'Sonali Bank', '574036497', NOW(), NOW()),
(193, 101, '2025-01-01', 1000.00, 'bank', 'Sonali Bank', '724382349', NOW(), NOW()),
(194, 203, '2025-12-03', 1500.00, 'cash', NULL, NULL, NOW(), NOW()),
(195, 158, '2025-02-03', 1000.00, 'bank', 'Pubali Bank', '057176908', NOW(), NOW()),
(196, 431, '2025-04-27', 1000.00, 'bank', 'Dutch Bangla Bank', '524017825', NOW(), NOW()),
(197, 451, '2025-04-18', 500.00, 'bank', 'Islami Bank Ltd.', '681486190', NOW(), NOW()),
(198, 477, '2025-03-19', 500.00, 'cash', NULL, NULL, NOW(), NOW()),
(199, 365, '2025-12-06', 300.00, 'bank', 'Sonali Bank', '689973369', NOW(), NOW()),
(200, 141, '2025-12-11', 1500.00, 'cash', NULL, NULL, NOW(), NOW()),
(201, 492, '2025-06-11', 2000.00, 'bank', 'BRAC Bank', '524842585', NOW(), NOW()),
(202, 103, '2025-05-17', 300.00, 'cash', NULL, NULL, NOW(), NOW()),
(203, 118, '2025-04-28', 1500.00, 'cash', NULL, NULL, NOW(), NOW());
